[{"model": "admin.logentry", "pk": 1, "fields": {"action_time": "2024-02-20T22:53:47.491Z", "user": 1, "content_type": 9, "object_id": "2", "object_repr": "muhammadsalim", "action_flag": 1, "change_message": "[{\"added\": {}}]"}}, {"model": "admin.logentry", "pk": 2, "fields": {"action_time": "2024-02-20T22:54:23.036Z", "user": 1, "content_type": 9, "object_id": "2", "object_repr": "muhammadsalim", "action_flag": 2, "change_message": "[{\"changed\": {\"fields\": [\"Staff status\", \"Superuser status\"]}}]"}}, {"model": "admin.logentry", "pk": 3, "fields": {"action_time": "2024-02-20T22:55:22.159Z", "user": 1, "content_type": 9, "object_id": "3", "object_repr": "admin", "action_flag": 1, "change_message": "[{\"added\": {}}]"}}, {"model": "admin.logentry", "pk": 4, "fields": {"action_time": "2024-02-20T22:55:29.681Z", "user": 1, "content_type": 9, "object_id": "3", "object_repr": "admin", "action_flag": 2, "change_message": "[{\"changed\": {\"fields\": [\"Staff status\", \"Superuser status\"]}}]"}}, {"model": "admin.logentry", "pk": 5, "fields": {"action_time": "2024-02-21T06:56:11.292Z", "user": 3, "content_type": 9, "object_id": "4", "object_repr": "tojiboyevakmaljon", "action_flag": 1, "change_message": "[{\"added\": {}}]"}}, {"model": "admin.logentry", "pk": 6, "fields": {"action_time": "2024-02-21T06:56:33.606Z", "user": 3, "content_type": 9, "object_id": "4", "object_repr": "tojiboyevakmaljon", "action_flag": 2, "change_message": "[]"}}, {"model": "admin.logentry", "pk": 7, "fields": {"action_time": "2024-02-21T08:35:20.300Z", "user": 3, "content_type": 9, "object_id": "5", "object_repr": "anvarovozodbek", "action_flag": 1, "change_message": "[{\"added\": {}}]"}}, {"model": "admin.logentry", "pk": 8, "fields": {"action_time": "2024-02-21T08:35:30.798Z", "user": 3, "content_type": 9, "object_id": "5", "object_repr": "anvarovozodbek", "action_flag": 2, "change_message": "[]"}}, {"model": "admin.logentry", "pk": 9, "fields": {"action_time": "2024-02-21T09:08:52.259Z", "user": 3, "content_type": 9, "object_id": "6", "object_repr": "yunusoveldorbek", "action_flag": 1, "change_message": "[{\"added\": {}}]"}}, {"model": "admin.logentry", "pk": 10, "fields": {"action_time": "2024-02-21T09:08:58.986Z", "user": 3, "content_type": 9, "object_id": "6", "object_repr": "yunusoveldorbek", "action_flag": 2, "change_message": "[]"}}, {"model": "admin.logentry", "pk": 11, "fields": {"action_time": "2024-02-21T09:10:45.972Z", "user": 3, "content_type": 9, "object_id": "7", "object_repr": "anvarovsayifalixon", "action_flag": 1, "change_message": "[{\"added\": {}}]"}}, {"model": "admin.logentry", "pk": 12, "fields": {"action_time": "2024-02-21T09:10:57.510Z", "user": 3, "content_type": 9, "object_id": "7", "object_repr": "anvarovsayifalixon", "action_flag": 2, "change_message": "[]"}}, {"model": "admin.logentry", "pk": 13, "fields": {"action_time": "2024-02-21T09:15:35.833Z", "user": 3, "content_type": 9, "object_id": "8", "object_repr": "holmatovabdurahmon", "action_flag": 1, "change_message": "[{\"added\": {}}]"}}, {"model": "admin.logentry", "pk": 14, "fields": {"action_time": "2024-02-21T09:15:42.504Z", "user": 3, "content_type": 9, "object_id": "8", "object_repr": "holmatovabdurahmon", "action_flag": 2, "change_message": "[]"}}, {"model": "admin.logentry", "pk": 15, "fields": {"action_time": "2024-02-22T10:44:15.933Z", "user": 3, "content_type": 9, "object_id": "9", "object_repr": "admin2", "action_flag": 1, "change_message": "[{\"added\": {}}]"}}, {"model": "admin.logentry", "pk": 16, "fields": {"action_time": "2024-02-22T10:44:37.793Z", "user": 3, "content_type": 9, "object_id": "9", "object_repr": "admin2", "action_flag": 3, "change_message": ""}}, {"model": "admin.logentry", "pk": 17, "fields": {"action_time": "2024-02-22T10:45:03.569Z", "user": 3, "content_type": 9, "object_id": "10", "object_repr": "adminjohn", "action_flag": 1, "change_message": "[{\"added\": {}}]"}}, {"model": "admin.logentry", "pk": 18, "fields": {"action_time": "2024-02-22T13:57:38.576Z", "user": 3, "content_type": 9, "object_id": "11", "object_repr": "stockmantest", "action_flag": 1, "change_message": "[{\"added\": {}}]"}}, {"model": "admin.logentry", "pk": 19, "fields": {"action_time": "2024-02-22T18:38:58.365Z", "user": 3, "content_type": 18, "object_id": "1", "object_repr": "kg", "action_flag": 1, "change_message": "[{\"added\": {}}]"}}, {"model": "admin.logentry", "pk": 20, "fields": {"action_time": "2024-02-22T18:42:06.950Z", "user": 3, "content_type": 17, "object_id": "1", "object_repr": "Kartoshka", "action_flag": 1, "change_message": "[{\"added\": {}}]"}}, {"model": "admin.logentry", "pk": 21, "fields": {"action_time": "2024-02-22T18:48:54.941Z", "user": 3, "content_type": 17, "object_id": "2", "object_repr": "Piyoz", "action_flag": 1, "change_message": "[{\"added\": {}}]"}}, {"model": "admin.logentry", "pk": 22, "fields": {"action_time": "2024-02-22T20:04:26.667Z", "user": 3, "content_type": 18, "object_id": "1", "object_repr": "kg", "action_flag": 2, "change_message": "[{\"changed\": {\"fields\": [\"Name\"]}}]"}}, {"model": "admin.logentry", "pk": 23, "fields": {"action_time": "2024-02-22T20:28:10.449Z", "user": 3, "content_type": 18, "object_id": "2", "object_repr": "l", "action_flag": 1, "change_message": "[{\"added\": {}}]"}}, {"model": "admin.logentry", "pk": 24, "fields": {"action_time": "2024-02-22T20:29:08.970Z", "user": 3, "content_type": 17, "object_id": "3", "object_repr": "Sut", "action_flag": 1, "change_message": "[{\"added\": {}}]"}}, {"model": "admin.logentry", "pk": 25, "fields": {"action_time": "2024-02-24T13:24:15.226Z", "user": 3, "content_type": 14, "object_id": "1", "object_repr": "Test", "action_flag": 1, "change_message": "[{\"added\": {}}]"}}, {"model": "admin.logentry", "pk": 26, "fields": {"action_time": "2024-02-24T19:51:57.828Z", "user": 3, "content_type": 12, "object_id": "6", "object_repr": "Order #6 - created", "action_flag": 2, "change_message": "[{\"changed\": {\"fields\": [\"Warehouse\", \"Main stockman\", \"Supplier\", \"Watchman\"]}}, {\"changed\": {\"name\": \"Order Item\", \"object\": \"Order #6 - Kartoshka\", \"fields\": [\"Delivered Amount\", \"Cash Amount\", \"Remain Debt\"]}}]"}}, {"model": "admin.logentry", "pk": 27, "fields": {"action_time": "2024-02-24T19:52:49.862Z", "user": 3, "content_type": 12, "object_id": "6", "object_repr": "Order #6 - final_checked", "action_flag": 2, "change_message": "[{\"changed\": {\"fields\": [\"Status\"]}}]"}}, {"model": "admin.logentry", "pk": 28, "fields": {"action_time": "2024-02-24T20:03:49.362Z", "user": 3, "content_type": 12, "object_id": "6", "object_repr": "Order #6 - final_checked", "action_flag": 2, "change_message": "[]"}}, {"model": "admin.logentry", "pk": 29, "fields": {"action_time": "2024-02-24T20:05:58.045Z", "user": 3, "content_type": 14, "object_id": "1", "object_repr": "Test", "action_flag": 2, "change_message": "[{\"added\": {\"name\": \"Warehouse Product\", \"object\": \"Test - Kartoshka\"}}]"}}, {"model": "admin.logentry", "pk": 30, "fields": {"action_time": "2024-02-24T20:46:25.060Z", "user": 3, "content_type": 12, "object_id": "6", "object_repr": "Order #6 - final_checked", "action_flag": 2, "change_message": "[{\"changed\": {\"name\": \"Order Item\", \"object\": \"Order #6 - Kartoshka\", \"fields\": [\"Debt Amount\"]}}]"}}, {"model": "admin.logentry", "pk": 31, "fields": {"action_time": "2024-02-24T21:02:10.267Z", "user": 3, "content_type": 12, "object_id": "6", "object_repr": "Order #6 - final_checked", "action_flag": 2, "change_message": "[{\"added\": {\"name\": \"Order Item\", \"object\": \"Order #6 - Piyoz\"}}]"}}, {"model": "admin.logentry", "pk": 32, "fields": {"action_time": "2024-02-24T21:21:18.778Z", "user": 3, "content_type": 12, "object_id": "8", "object_repr": "Order #8 - final_checked", "action_flag": 2, "change_message": "[{\"changed\": {\"fields\": [\"Status\", \"Main stockman\", \"Supplier\", \"Watchman\"]}}, {\"changed\": {\"name\": \"Order Item\", \"object\": \"Order #8 - Sut\", \"fields\": [\"Delivered Amount\", \"Cash Amount\", \"Debt Amount\", \"Remain Debt\", \"Payment Comment\"]}}]"}}, {"model": "admin.logentry", "pk": 33, "fields": {"action_time": "2024-02-24T21:22:48.209Z", "user": 3, "content_type": 12, "object_id": "8", "object_repr": "Order #8 - final_checked", "action_flag": 2, "change_message": "[{\"changed\": {\"name\": \"Order Item\", \"object\": \"Order #8 - Sut\", \"fields\": [\"Card Amount\"]}}]"}}, {"model": "admin.logentry", "pk": 34, "fields": {"action_time": "2024-02-25T16:17:52.150Z", "user": 3, "content_type": 14, "object_id": "1", "object_repr": "Test", "action_flag": 2, "change_message": "[]"}}, {"model": "admin.logentry", "pk": 35, "fields": {"action_time": "2024-02-25T16:24:19.612Z", "user": 1, "content_type": 8, "object_id": "1", "object_repr": "Telegram notification", "action_flag": 2, "change_message": "[{\"changed\": {\"fields\": [\"Bot token\", \"Chat ID\", \"Is enabled\"]}}]"}}, {"model": "admin.logentry", "pk": 36, "fields": {"action_time": "2024-02-25T16:46:30.741Z", "user": 3, "content_type": 14, "object_id": "2", "object_repr": "Yigiruv bo'limi", "action_flag": 1, "change_message": "[{\"added\": {}}]"}}, {"model": "admin.logentry", "pk": 37, "fields": {"action_time": "2024-02-25T16:50:41.541Z", "user": 3, "content_type": 9, "object_id": "12", "object_repr": "jahongirrahmonov", "action_flag": 1, "change_message": "[{\"added\": {}}]"}}, {"model": "admin.logentry", "pk": 38, "fields": {"action_time": "2024-02-25T17:14:08.147Z", "user": 3, "content_type": 9, "object_id": "13", "object_repr": "erkinkarimov", "action_flag": 1, "change_message": "[{\"added\": {}}]"}}, {"model": "admin.logentry", "pk": 39, "fields": {"action_time": "2024-02-25T17:16:07.109Z", "user": 3, "content_type": 9, "object_id": "14", "object_repr": "azizsobirov", "action_flag": 1, "change_message": "[{\"added\": {}}]"}}, {"model": "admin.logentry", "pk": 40, "fields": {"action_time": "2024-02-25T23:07:33.828Z", "user": 3, "content_type": 14, "object_id": "2", "object_repr": "Yigiruv bo'limi", "action_flag": 2, "change_message": "[{\"changed\": {\"fields\": [\"Stockman\"]}}]"}}, {"model": "admin.logentry", "pk": 41, "fields": {"action_time": "2024-02-26T10:34:42.222Z", "user": 3, "content_type": 18, "object_id": "3", "object_repr": "dona", "action_flag": 1, "change_message": "[{\"added\": {}}]"}}, {"model": "admin.logentry", "pk": 42, "fields": {"action_time": "2024-02-27T05:10:18.133Z", "user": 3, "content_type": 17, "object_id": "22", "object_repr": "STANOK POCHIBNIK", "action_flag": 1, "change_message": "[{\"added\": {}}]"}}, {"model": "admin.logentry", "pk": 43, "fields": {"action_time": "2024-02-27T05:11:47.969Z", "user": 3, "content_type": 17, "object_id": "1", "object_repr": "Kartoshka", "action_flag": 2, "change_message": "[]"}}, {"model": "admin.logentry", "pk": 44, "fields": {"action_time": "2024-02-27T05:12:33.097Z", "user": 3, "content_type": 14, "object_id": "2", "object_repr": "Yigiruv bo'limi", "action_flag": 3, "change_message": ""}}, {"model": "admin.logentry", "pk": 45, "fields": {"action_time": "2024-02-27T05:12:46.248Z", "user": 3, "content_type": 14, "object_id": "1", "object_repr": "Test", "action_flag": 3, "change_message": ""}}, {"model": "admin.logentry", "pk": 46, "fields": {"action_time": "2024-02-27T05:13:13.164Z", "user": 3, "content_type": 14, "object_id": "3", "object_repr": "YIGIRUV", "action_flag": 1, "change_message": "[{\"added\": {}}]"}}, {"model": "admin.logentry", "pk": 47, "fields": {"action_time": "2024-02-27T05:16:06.559Z", "user": 3, "content_type": 13, "object_id": "19", "object_repr": "Order #10 - supurgi", "action_flag": 3, "change_message": ""}}, {"model": "admin.logentry", "pk": 48, "fields": {"action_time": "2024-02-27T05:16:06.590Z", "user": 3, "content_type": 13, "object_id": "18", "object_repr": "Order #10 - Suv", "action_flag": 3, "change_message": ""}}, {"model": "admin.logentry", "pk": 49, "fields": {"action_time": "2024-02-27T05:16:06.619Z", "user": 3, "content_type": 13, "object_id": "17", "object_repr": "Order #10 - Sut", "action_flag": 3, "change_message": ""}}, {"model": "admin.logentry", "pk": 50, "fields": {"action_time": "2024-02-27T05:16:06.637Z", "user": 3, "content_type": 13, "object_id": "16", "object_repr": "Order #10 - Sabzi", "action_flag": 3, "change_message": ""}}, {"model": "admin.logentry", "pk": 51, "fields": {"action_time": "2024-02-27T05:16:06.662Z", "user": 3, "content_type": 13, "object_id": "15", "object_repr": "Order #10 - Piyoz", "action_flag": 3, "change_message": ""}}, {"model": "admin.logentry", "pk": 52, "fields": {"action_time": "2024-02-27T05:16:06.689Z", "user": 3, "content_type": 13, "object_id": "14", "object_repr": "Order #10 - Kartoshka", "action_flag": 3, "change_message": ""}}, {"model": "admin.logentry", "pk": 53, "fields": {"action_time": "2024-02-27T05:16:06.714Z", "user": 3, "content_type": 13, "object_id": "13", "object_repr": "Order #10 - Non", "action_flag": 3, "change_message": ""}}, {"model": "admin.logentry", "pk": 54, "fields": {"action_time": "2024-02-27T05:16:06.740Z", "user": 3, "content_type": 13, "object_id": "12", "object_repr": "Order #9 - Sut", "action_flag": 3, "change_message": ""}}, {"model": "admin.logentry", "pk": 55, "fields": {"action_time": "2024-02-27T05:16:06.772Z", "user": 3, "content_type": 13, "object_id": "11", "object_repr": "Order #9 - Kartoshka", "action_flag": 3, "change_message": ""}}, {"model": "admin.logentry", "pk": 56, "fields": {"action_time": "2024-02-27T05:16:06.799Z", "user": 3, "content_type": 13, "object_id": "10", "object_repr": "Order #8 - Sut", "action_flag": 3, "change_message": ""}}, {"model": "admin.logentry", "pk": 57, "fields": {"action_time": "2024-02-27T05:16:06.830Z", "user": 3, "content_type": 13, "object_id": "9", "object_repr": "Order #7 - Piyoz", "action_flag": 3, "change_message": ""}}, {"model": "admin.logentry", "pk": 58, "fields": {"action_time": "2024-02-27T05:16:06.853Z", "user": 3, "content_type": 13, "object_id": "8", "object_repr": "Order #6 - Piyoz", "action_flag": 3, "change_message": ""}}, {"model": "admin.logentry", "pk": 59, "fields": {"action_time": "2024-02-27T05:16:06.880Z", "user": 3, "content_type": 13, "object_id": "7", "object_repr": "Order #6 - Kartoshka", "action_flag": 3, "change_message": ""}}, {"model": "admin.logentry", "pk": 60, "fields": {"action_time": "2024-02-27T05:16:06.907Z", "user": 3, "content_type": 13, "object_id": "6", "object_repr": "Order #5 - Sut", "action_flag": 3, "change_message": ""}}, {"model": "admin.logentry", "pk": 61, "fields": {"action_time": "2024-02-27T05:16:06.935Z", "user": 3, "content_type": 13, "object_id": "5", "object_repr": "Order #5 - Piyoz", "action_flag": 3, "change_message": ""}}, {"model": "admin.logentry", "pk": 62, "fields": {"action_time": "2024-02-27T05:16:06.963Z", "user": 3, "content_type": 13, "object_id": "4", "object_repr": "Order #4 - Kartoshka", "action_flag": 3, "change_message": ""}}, {"model": "admin.logentry", "pk": 63, "fields": {"action_time": "2024-02-27T05:16:06.992Z", "user": 3, "content_type": 13, "object_id": "3", "object_repr": "Order #3 - Piyoz", "action_flag": 3, "change_message": ""}}, {"model": "admin.logentry", "pk": 64, "fields": {"action_time": "2024-02-27T05:16:07.019Z", "user": 3, "content_type": 13, "object_id": "2", "object_repr": "Order #2 - Kartoshka", "action_flag": 3, "change_message": ""}}, {"model": "admin.logentry", "pk": 65, "fields": {"action_time": "2024-02-27T05:16:07.045Z", "user": 3, "content_type": 13, "object_id": "1", "object_repr": "Order #1 - Kartoshka", "action_flag": 3, "change_message": ""}}, {"model": "admin.logentry", "pk": 66, "fields": {"action_time": "2024-02-27T05:32:49.186Z", "user": 3, "content_type": 9, "object_id": "15", "object_repr": "toshmatovqutlugbek", "action_flag": 1, "change_message": "[{\"added\": {}}]"}}, {"model": "admin.logentry", "pk": 67, "fields": {"action_time": "2024-02-27T05:33:37.563Z", "user": 3, "content_type": 9, "object_id": "15", "object_repr": "toshmatovqutlugbek", "action_flag": 2, "change_message": "[]"}}, {"model": "admin.logentry", "pk": 68, "fields": {"action_time": "2024-02-27T05:34:37.415Z", "user": 3, "content_type": 12, "object_id": "11", "object_repr": "Order #11 - confirmed", "action_flag": 3, "change_message": ""}}, {"model": "admin.logentry", "pk": 69, "fields": {"action_time": "2024-02-27T05:34:37.442Z", "user": 3, "content_type": 12, "object_id": "10", "object_repr": "Order #10 - created", "action_flag": 3, "change_message": ""}}, {"model": "admin.logentry", "pk": 70, "fields": {"action_time": "2024-02-27T05:34:37.459Z", "user": 3, "content_type": 12, "object_id": "9", "object_repr": "Order #9 - final_checked", "action_flag": 3, "change_message": ""}}, {"model": "admin.logentry", "pk": 71, "fields": {"action_time": "2024-02-27T05:34:37.478Z", "user": 3, "content_type": 12, "object_id": "8", "object_repr": "Order #8 - final_checked", "action_flag": 3, "change_message": ""}}, {"model": "admin.logentry", "pk": 72, "fields": {"action_time": "2024-02-27T05:34:37.509Z", "user": 3, "content_type": 12, "object_id": "7", "object_repr": "Order #7 - created", "action_flag": 3, "change_message": ""}}, {"model": "admin.logentry", "pk": 73, "fields": {"action_time": "2024-02-27T05:34:37.537Z", "user": 3, "content_type": 12, "object_id": "6", "object_repr": "Order #6 - final_checked", "action_flag": 3, "change_message": ""}}, {"model": "admin.logentry", "pk": 74, "fields": {"action_time": "2024-02-27T05:34:37.563Z", "user": 3, "content_type": 12, "object_id": "5", "object_repr": "Order #5 - created", "action_flag": 3, "change_message": ""}}, {"model": "admin.logentry", "pk": 75, "fields": {"action_time": "2024-02-27T05:34:37.592Z", "user": 3, "content_type": 12, "object_id": "4", "object_repr": "Order #4 - created", "action_flag": 3, "change_message": ""}}, {"model": "admin.logentry", "pk": 76, "fields": {"action_time": "2024-02-27T05:34:37.614Z", "user": 3, "content_type": 12, "object_id": "3", "object_repr": "Order #3 - created", "action_flag": 3, "change_message": ""}}, {"model": "admin.logentry", "pk": 77, "fields": {"action_time": "2024-02-27T05:34:37.638Z", "user": 3, "content_type": 12, "object_id": "2", "object_repr": "Order #2 - created", "action_flag": 3, "change_message": ""}}, {"model": "admin.logentry", "pk": 78, "fields": {"action_time": "2024-02-27T05:34:37.667Z", "user": 3, "content_type": 12, "object_id": "1", "object_repr": "Order #1 - created", "action_flag": 3, "change_message": ""}}, {"model": "admin.logentry", "pk": 79, "fields": {"action_time": "2024-02-27T05:38:55.386Z", "user": 3, "content_type": 9, "object_id": "15", "object_repr": "toshmatovqutlugbek", "action_flag": 2, "change_message": "[]"}}, {"model": "admin.logentry", "pk": 80, "fields": {"action_time": "2024-02-27T05:39:53.546Z", "user": 3, "content_type": 9, "object_id": "13", "object_repr": "erkinkarimov", "action_flag": 3, "change_message": ""}}, {"model": "admin.logentry", "pk": 81, "fields": {"action_time": "2024-02-27T05:42:12.116Z", "user": 3, "content_type": 9, "object_id": "16", "object_repr": "otanazarovnizomiddin", "action_flag": 1, "change_message": "[{\"added\": {}}]"}}, {"model": "admin.logentry", "pk": 82, "fields": {"action_time": "2024-02-27T05:42:21.714Z", "user": 3, "content_type": 9, "object_id": "16", "object_repr": "otanazarovnizomiddin", "action_flag": 2, "change_message": "[]"}}, {"model": "admin.logentry", "pk": 83, "fields": {"action_time": "2024-02-27T05:42:51.286Z", "user": 3, "content_type": 12, "object_id": "12", "object_repr": "Order #12 - confirmed", "action_flag": 3, "change_message": ""}}, {"model": "admin.logentry", "pk": 84, "fields": {"action_time": "2024-02-27T05:48:24.703Z", "user": 3, "content_type": 12, "object_id": "13", "object_repr": "Order #13 - created", "action_flag": 3, "change_message": ""}}, {"model": "admin.logentry", "pk": 85, "fields": {"action_time": "2024-02-27T05:54:36.304Z", "user": 3, "content_type": 9, "object_id": "16", "object_repr": "otanazarovnizomiddin", "action_flag": 2, "change_message": "[]"}}, {"model": "admin.logentry", "pk": 86, "fields": {"action_time": "2024-02-27T06:23:31.765Z", "user": 1, "content_type": 8, "object_id": "1", "object_repr": "Telegram notification", "action_flag": 2, "change_message": "[{\"changed\": {\"fields\": [\"Bot token\", \"Chat ID\"]}}]"}}, {"model": "admin.logentry", "pk": 87, "fields": {"action_time": "2024-02-27T06:30:49.864Z", "user": 1, "content_type": 9, "object_id": "16", "object_repr": "otanazarovnizomiddin", "action_flag": 2, "change_message": "[{\"changed\": {\"fields\": [\"Telegram ID\"]}}]"}}, {"model": "admin.logentry", "pk": 88, "fields": {"action_time": "2024-02-27T06:43:17.913Z", "user": 3, "content_type": 17, "object_id": "28", "object_repr": "remen", "action_flag": 2, "change_message": "[]"}}, {"model": "admin.logentry", "pk": 89, "fields": {"action_time": "2024-02-27T07:14:58.666Z", "user": 1, "content_type": 8, "object_id": "1", "object_repr": "Telegram notification", "action_flag": 2, "change_message": "[{\"changed\": {\"fields\": [\"Chat ID\"]}}]"}}, {"model": "admin.logentry", "pk": 90, "fields": {"action_time": "2024-02-27T08:37:18.700Z", "user": 3, "content_type": 9, "object_id": "17", "object_repr": "akramjonvalijonov", "action_flag": 1, "change_message": "[{\"added\": {}}]"}}, {"model": "admin.logentry", "pk": 91, "fields": {"action_time": "2024-02-27T08:37:29.889Z", "user": 3, "content_type": 9, "object_id": "17", "object_repr": "akramjonvalijonov", "action_flag": 2, "change_message": "[]"}}, {"model": "admin.logentry", "pk": 92, "fields": {"action_time": "2024-02-27T08:45:29.482Z", "user": 3, "content_type": 14, "object_id": "4", "object_repr": "TO'QUV", "action_flag": 1, "change_message": "[{\"added\": {}}]"}}, {"model": "admin.logentry", "pk": 93, "fields": {"action_time": "2024-02-27T09:13:23.586Z", "user": 3, "content_type": 9, "object_id": "18", "object_repr": "motabarmuhiddinova", "action_flag": 1, "change_message": "[{\"added\": {}}]"}}, {"model": "admin.logentry", "pk": 94, "fields": {"action_time": "2024-02-27T09:13:27.469Z", "user": 3, "content_type": 9, "object_id": "18", "object_repr": "motabarmuhiddinova", "action_flag": 2, "change_message": "[]"}}, {"model": "admin.logentry", "pk": 95, "fields": {"action_time": "2024-02-27T09:14:48.206Z", "user": 3, "content_type": 14, "object_id": "5", "object_repr": "TIKUV", "action_flag": 1, "change_message": "[{\"added\": {}}]"}}, {"model": "admin.logentry", "pk": 96, "fields": {"action_time": "2024-02-27T09:18:28.749Z", "user": 3, "content_type": 9, "object_id": "19", "object_repr": "izzatilloabdupannopov", "action_flag": 1, "change_message": "[{\"added\": {}}]"}}, {"model": "admin.logentry", "pk": 97, "fields": {"action_time": "2024-02-27T09:18:34.720Z", "user": 3, "content_type": 9, "object_id": "19", "object_repr": "izzatilloabdupannopov", "action_flag": 2, "change_message": "[]"}}, {"model": "admin.logentry", "pk": 98, "fields": {"action_time": "2024-02-27T09:19:25.005Z", "user": 3, "content_type": 14, "object_id": "6", "object_repr": "HALQALI IP YIGIRUV", "action_flag": 1, "change_message": "[{\"added\": {}}]"}}, {"model": "admin.logentry", "pk": 99, "fields": {"action_time": "2024-02-27T09:20:24.818Z", "user": 1, "content_type": 9, "object_id": "1", "object_repr": "sobirjonovme", "action_flag": 2, "change_message": "[{\"changed\": {\"fields\": [\"First Name\", \"Last Name\", \"Role\"]}}]"}}, {"model": "admin.logentry", "pk": 100, "fields": {"action_time": "2024-02-27T09:21:54.790Z", "user": 3, "content_type": 9, "object_id": "19", "object_repr": "izzatilloabdubannopov", "action_flag": 2, "change_message": "[{\"changed\": {\"fields\": [\"Username\"]}}]"}}, {"model": "admin.logentry", "pk": 101, "fields": {"action_time": "2024-02-27T09:21:58.035Z", "user": 3, "content_type": 14, "object_id": "6", "object_repr": "HALQALI IP YIGIRUV", "action_flag": 2, "change_message": "[]"}}, {"model": "admin.logentry", "pk": 102, "fields": {"action_time": "2024-02-27T09:27:44.220Z", "user": 1, "content_type": 12, "object_id": "24", "object_repr": "Order #24 - created", "action_flag": 3, "change_message": ""}}, {"model": "admin.logentry", "pk": 103, "fields": {"action_time": "2024-02-27T11:03:48.854Z", "user": 3, "content_type": 9, "object_id": "20", "object_repr": "mahmudjonotanov", "action_flag": 1, "change_message": "[{\"added\": {}}]"}}, {"model": "admin.logentry", "pk": 104, "fields": {"action_time": "2024-02-27T11:03:56.793Z", "user": 3, "content_type": 9, "object_id": "20", "object_repr": "mahmudjonotanov", "action_flag": 2, "change_message": "[]"}}, {"model": "admin.logentry", "pk": 105, "fields": {"action_time": "2024-02-27T12:17:23.872Z", "user": 1, "content_type": 12, "object_id": "25", "object_repr": "Order #25 - created", "action_flag": 3, "change_message": ""}}, {"model": "admin.logentry", "pk": 106, "fields": {"action_time": "2024-02-28T09:36:23.891Z", "user": 3, "content_type": 14, "object_id": "7", "object_repr": "POLOSON PTM", "action_flag": 1, "change_message": "[{\"added\": {}}]"}}, {"model": "admin.logentry", "pk": 107, "fields": {"action_time": "2024-02-28T09:56:46.239Z", "user": 3, "content_type": 14, "object_id": "8", "object_repr": "ESKIARAB PTM", "action_flag": 1, "change_message": "[{\"added\": {}}]"}}, {"model": "admin.logentry", "pk": 108, "fields": {"action_time": "2024-02-28T09:57:30.414Z", "user": 3, "content_type": 9, "object_id": "6", "object_repr": "yunusoveldorbek", "action_flag": 3, "change_message": ""}}, {"model": "admin.logentry", "pk": 109, "fields": {"action_time": "2024-02-28T09:58:44.304Z", "user": 3, "content_type": 9, "object_id": "21", "object_repr": "yunusoveldorbek", "action_flag": 1, "change_message": "[{\"added\": {}}]"}}, {"model": "admin.logentry", "pk": 110, "fields": {"action_time": "2024-02-28T09:58:54.527Z", "user": 3, "content_type": 9, "object_id": "21", "object_repr": "yunusoveldorbek", "action_flag": 2, "change_message": "[]"}}, {"model": "admin.logentry", "pk": 111, "fields": {"action_time": "2024-02-28T09:59:14.583Z", "user": 3, "content_type": 14, "object_id": "8", "object_repr": "ESKIARAB PTM", "action_flag": 2, "change_message": "[{\"changed\": {\"fields\": [\"Stockman\"]}}]"}}, {"model": "admin.logentry", "pk": 112, "fields": {"action_time": "2024-02-28T11:42:24.900Z", "user": 3, "content_type": 9, "object_id": "22", "object_repr": "maqsudjon", "action_flag": 1, "change_message": "[{\"added\": {}}]"}}, {"model": "admin.logentry", "pk": 113, "fields": {"action_time": "2024-02-28T11:42:30.168Z", "user": 3, "content_type": 9, "object_id": "22", "object_repr": "maqsudjon", "action_flag": 2, "change_message": "[]"}}, {"model": "admin.logentry", "pk": 114, "fields": {"action_time": "2024-02-28T11:52:41.892Z", "user": 3, "content_type": 12, "object_id": "31", "object_repr": "Order #31 - created", "action_flag": 3, "change_message": ""}}, {"model": "admin.logentry", "pk": 115, "fields": {"action_time": "2024-02-28T11:52:41.950Z", "user": 3, "content_type": 12, "object_id": "30", "object_repr": "Order #30 - confirmed", "action_flag": 3, "change_message": ""}}, {"model": "admin.logentry", "pk": 116, "fields": {"action_time": "2024-02-28T11:52:41.985Z", "user": 3, "content_type": 12, "object_id": "29", "object_repr": "Order #29 - canceled", "action_flag": 3, "change_message": ""}}, {"model": "admin.logentry", "pk": 117, "fields": {"action_time": "2024-02-28T11:52:42.025Z", "user": 3, "content_type": 12, "object_id": "28", "object_repr": "Order #28 - canceled", "action_flag": 3, "change_message": ""}}, {"model": "admin.logentry", "pk": 118, "fields": {"action_time": "2024-02-28T11:52:42.056Z", "user": 3, "content_type": 12, "object_id": "27", "object_repr": "Order #27 - confirmed", "action_flag": 3, "change_message": ""}}, {"model": "admin.logentry", "pk": 119, "fields": {"action_time": "2024-02-28T11:52:42.104Z", "user": 3, "content_type": 12, "object_id": "26", "object_repr": "Order #26 - canceled", "action_flag": 3, "change_message": ""}}, {"model": "admin.logentry", "pk": 120, "fields": {"action_time": "2024-02-28T11:52:42.133Z", "user": 3, "content_type": 12, "object_id": "23", "object_repr": "Order #23 - confirmed", "action_flag": 3, "change_message": ""}}, {"model": "admin.logentry", "pk": 121, "fields": {"action_time": "2024-02-28T11:52:42.165Z", "user": 3, "content_type": 12, "object_id": "22", "object_repr": "Order #22 - confirmed", "action_flag": 3, "change_message": ""}}, {"model": "admin.logentry", "pk": 122, "fields": {"action_time": "2024-02-28T11:52:42.192Z", "user": 3, "content_type": 12, "object_id": "21", "object_repr": "Order #21 - delivered", "action_flag": 3, "change_message": ""}}, {"model": "admin.logentry", "pk": 123, "fields": {"action_time": "2024-02-28T11:52:42.955Z", "user": 3, "content_type": 12, "object_id": "20", "object_repr": "Order #20 - final_checked", "action_flag": 3, "change_message": ""}}, {"model": "admin.logentry", "pk": 124, "fields": {"action_time": "2024-02-28T11:52:43.020Z", "user": 3, "content_type": 12, "object_id": "19", "object_repr": "Order #19 - final_checked", "action_flag": 3, "change_message": ""}}, {"model": "admin.logentry", "pk": 125, "fields": {"action_time": "2024-02-28T11:52:43.061Z", "user": 3, "content_type": 12, "object_id": "18", "object_repr": "Order #18 - final_checked", "action_flag": 3, "change_message": ""}}, {"model": "admin.logentry", "pk": 126, "fields": {"action_time": "2024-02-28T11:52:43.111Z", "user": 3, "content_type": 12, "object_id": "17", "object_repr": "Order #17 - delivered", "action_flag": 3, "change_message": ""}}, {"model": "admin.logentry", "pk": 127, "fields": {"action_time": "2024-02-28T11:52:43.155Z", "user": 3, "content_type": 12, "object_id": "16", "object_repr": "Order #16 - delivered", "action_flag": 3, "change_message": ""}}, {"model": "admin.logentry", "pk": 128, "fields": {"action_time": "2024-02-28T11:52:43.190Z", "user": 3, "content_type": 12, "object_id": "15", "object_repr": "Order #15 - final_checked", "action_flag": 3, "change_message": ""}}, {"model": "admin.logentry", "pk": 129, "fields": {"action_time": "2024-02-28T11:52:43.233Z", "user": 3, "content_type": 12, "object_id": "14", "object_repr": "Order #14 - final_checked", "action_flag": 3, "change_message": ""}}, {"model": "admin.logentry", "pk": 130, "fields": {"action_time": "2024-03-01T10:18:16.828Z", "user": 1, "content_type": 17, "object_id": "49", "object_repr": "Apelsin", "action_flag": 2, "change_message": "[{\"changed\": {\"fields\": [\"Unit\"]}}]"}}, {"model": "admin.logentry", "pk": 131, "fields": {"action_time": "2024-03-01T10:18:30.095Z", "user": 1, "content_type": 17, "object_id": "50", "object_repr": "Go'sht", "action_flag": 2, "change_message": "[{\"changed\": {\"fields\": [\"Unit\"]}}]"}}, {"model": "admin.logentry", "pk": 132, "fields": {"action_time": "2024-03-01T10:18:45.977Z", "user": 1, "content_type": 18, "object_id": "4", "object_repr": "metr", "action_flag": 1, "change_message": "[{\"added\": {}}]"}}, {"model": "admin.logentry", "pk": 133, "fields": {"action_time": "2024-03-01T10:18:49.996Z", "user": 1, "content_type": 17, "object_id": "38", "object_repr": "Salafan37", "action_flag": 2, "change_message": "[{\"changed\": {\"fields\": [\"Unit\"]}}]"}}, {"model": "admin.logentry", "pk": 134, "fields": {"action_time": "2024-03-01T10:19:03.694Z", "user": 1, "content_type": 17, "object_id": "31", "object_repr": "guruch", "action_flag": 2, "change_message": "[{\"changed\": {\"fields\": [\"Unit\"]}}]"}}, {"model": "admin.logentry", "pk": 135, "fields": {"action_time": "2024-03-01T10:19:12.378Z", "user": 1, "content_type": 17, "object_id": "27", "object_repr": "piyoz", "action_flag": 2, "change_message": "[{\"changed\": {\"fields\": [\"Unit\"]}}]"}}, {"model": "admin.logentry", "pk": 136, "fields": {"action_time": "2024-03-01T10:19:20.613Z", "user": 1, "content_type": 17, "object_id": "25", "object_repr": "kartoshka", "action_flag": 2, "change_message": "[{\"changed\": {\"fields\": [\"Unit\"]}}]"}}, {"model": "admin.logentry", "pk": 137, "fields": {"action_time": "2024-03-01T10:19:29.398Z", "user": 1, "content_type": 17, "object_id": "11", "object_repr": "sim", "action_flag": 2, "change_message": "[{\"changed\": {\"fields\": [\"Unit\"]}}]"}}, {"model": "admin.logentry", "pk": 138, "fields": {"action_time": "2024-03-01T10:20:02.479Z", "user": 1, "content_type": 17, "object_id": "17", "object_repr": "sim", "action_flag": 3, "change_message": ""}}, {"model": "admin.logentry", "pk": 139, "fields": {"action_time": "2024-03-01T10:20:20.403Z", "user": 1, "content_type": 17, "object_id": "14", "object_repr": "sim", "action_flag": 3, "change_message": ""}}, {"model": "admin.logentry", "pk": 140, "fields": {"action_time": "2024-03-01T10:20:32.854Z", "user": 1, "content_type": 17, "object_id": "10", "object_repr": "mix", "action_flag": 3, "change_message": ""}}, {"model": "admin.logentry", "pk": 141, "fields": {"action_time": "2024-03-01T10:20:46.392Z", "user": 1, "content_type": 17, "object_id": "16", "object_repr": "mix", "action_flag": 3, "change_message": ""}}, {"model": "admin.logentry", "pk": 142, "fields": {"action_time": "2024-03-01T10:20:58.150Z", "user": 1, "content_type": 17, "object_id": "18", "object_repr": "sim", "action_flag": 3, "change_message": ""}}, {"model": "admin.logentry", "pk": 143, "fields": {"action_time": "2024-03-01T10:21:14.199Z", "user": 1, "content_type": 17, "object_id": "26", "object_repr": "sabzi", "action_flag": 2, "change_message": "[{\"changed\": {\"fields\": [\"Unit\"]}}]"}}, {"model": "admin.logentry", "pk": 144, "fields": {"action_time": "2024-03-01T10:21:28.343Z", "user": 1, "content_type": 17, "object_id": "43", "object_repr": "спирт", "action_flag": 3, "change_message": ""}}, {"model": "admin.logentry", "pk": 145, "fields": {"action_time": "2024-03-01T10:21:52.466Z", "user": 1, "content_type": 17, "object_id": "29", "object_repr": "go'sht", "action_flag": 3, "change_message": ""}}, {"model": "admin.logentry", "pk": 146, "fields": {"action_time": "2024-03-01T10:22:07.832Z", "user": 1, "content_type": 17, "object_id": "30", "object_repr": "yog'", "action_flag": 3, "change_message": ""}}, {"model": "admin.logentry", "pk": 147, "fields": {"action_time": "2024-03-01T10:22:21.377Z", "user": 1, "content_type": 17, "object_id": "40", "object_repr": "spirt", "action_flag": 3, "change_message": ""}}, {"model": "admin.logentry", "pk": 148, "fields": {"action_time": "2024-03-01T10:23:12.153Z", "user": 1, "content_type": 17, "object_id": "42", "object_repr": "spirt", "action_flag": 3, "change_message": ""}}, {"model": "admin.logentry", "pk": 149, "fields": {"action_time": "2024-03-01T10:23:12.195Z", "user": 1, "content_type": 17, "object_id": "41", "object_repr": "spirt", "action_flag": 3, "change_message": ""}}, {"model": "admin.logentry", "pk": 150, "fields": {"action_time": "2024-03-01T10:23:54.949Z", "user": 1, "content_type": 17, "object_id": "48", "object_repr": "non", "action_flag": 2, "change_message": "[]"}}, {"model": "admin.logentry", "pk": 151, "fields": {"action_time": "2024-03-01T10:28:19.490Z", "user": 1, "content_type": 17, "object_id": "51", "object_repr": "Apelsin", "action_flag": 3, "change_message": ""}}, {"model": "admin.logentry", "pk": 152, "fields": {"action_time": "2024-03-01T10:28:19.540Z", "user": 1, "content_type": 17, "object_id": "49", "object_repr": "Apelsin", "action_flag": 3, "change_message": ""}}, {"model": "admin.logentry", "pk": 153, "fields": {"action_time": "2024-03-01T10:41:07.062Z", "user": 1, "content_type": 17, "object_id": "52", "object_repr": "Apelsin", "action_flag": 3, "change_message": ""}}, {"model": "admin.logentry", "pk": 154, "fields": {"action_time": "2024-03-01T10:41:33.506Z", "user": 1, "content_type": 17, "object_id": "55", "object_repr": "Apelsin", "action_flag": 2, "change_message": "[{\"changed\": {\"fields\": [\"Created by\"]}}]"}}, {"model": "admin.logentry", "pk": 155, "fields": {"action_time": "2024-03-01T10:41:39.399Z", "user": 1, "content_type": 17, "object_id": "55", "object_repr": "Apelsin", "action_flag": 3, "change_message": ""}}, {"model": "admin.logentry", "pk": 156, "fields": {"action_time": "2024-03-01T11:13:40.870Z", "user": 1, "content_type": 12, "object_id": "38", "object_repr": "Order #38 - created", "action_flag": 3, "change_message": ""}}, {"model": "admin.logentry", "pk": 157, "fields": {"action_time": "2024-03-01T11:19:30.176Z", "user": 3, "content_type": 14, "object_id": "9", "object_repr": "QIZILTEPA PTM . ZAVOD", "action_flag": 1, "change_message": "[{\"added\": {}}]"}}, {"model": "admin.logentry", "pk": 158, "fields": {"action_time": "2024-03-01T11:20:42.886Z", "user": 3, "content_type": 9, "object_id": "4", "object_repr": "tojiboyevakmaljon", "action_flag": 3, "change_message": ""}}, {"model": "admin.logentry", "pk": 159, "fields": {"action_time": "2024-03-01T11:21:43.184Z", "user": 3, "content_type": 9, "object_id": "23", "object_repr": "tojiboyevakmaljon", "action_flag": 1, "change_message": "[{\"added\": {}}]"}}, {"model": "admin.logentry", "pk": 160, "fields": {"action_time": "2024-03-01T11:22:05.296Z", "user": 3, "content_type": 9, "object_id": "23", "object_repr": "tojiboyevakmaljon", "action_flag": 2, "change_message": "[]"}}, {"model": "admin.logentry", "pk": 161, "fields": {"action_time": "2024-03-01T11:22:32.896Z", "user": 3, "content_type": 14, "object_id": "9", "object_repr": "QIZILTEPA PTM . ZAVOD", "action_flag": 2, "change_message": "[{\"changed\": {\"fields\": [\"Stockman\"]}}]"}}, {"model": "admin.logentry", "pk": 162, "fields": {"action_time": "2024-03-02T09:36:08.174Z", "user": 1, "content_type": 12, "object_id": "52", "object_repr": "Order #52 - created", "action_flag": 3, "change_message": ""}}, {"model": "admin.logentry", "pk": 163, "fields": {"action_time": "2024-03-02T09:36:09.519Z", "user": 1, "content_type": 12, "object_id": "51", "object_repr": "Order #51 - created", "action_flag": 3, "change_message": ""}}, {"model": "admin.logentry", "pk": 164, "fields": {"action_time": "2024-03-02T09:36:09.552Z", "user": 1, "content_type": 12, "object_id": "50", "object_repr": "Order #50 - created", "action_flag": 3, "change_message": ""}}, {"model": "admin.logentry", "pk": 165, "fields": {"action_time": "2024-03-02T09:36:09.577Z", "user": 1, "content_type": 12, "object_id": "49", "object_repr": "Order #49 - created", "action_flag": 3, "change_message": ""}}, {"model": "admin.logentry", "pk": 166, "fields": {"action_time": "2024-03-02T09:56:15.661Z", "user": 1, "content_type": 17, "object_id": "48", "object_repr": "non", "action_flag": 3, "change_message": ""}}, {"model": "admin.logentry", "pk": 167, "fields": {"action_time": "2024-03-02T09:56:33.289Z", "user": 1, "content_type": 17, "object_id": "23", "object_repr": "lampochka", "action_flag": 3, "change_message": ""}}, {"model": "admin.logentry", "pk": 168, "fields": {"action_time": "2024-03-02T09:56:45.324Z", "user": 1, "content_type": 17, "object_id": "62", "object_repr": "Pres ip", "action_flag": 3, "change_message": ""}}, {"model": "admin.logentry", "pk": 169, "fields": {"action_time": "2024-03-02T09:57:08.538Z", "user": 1, "content_type": 17, "object_id": "64", "object_repr": "Garoh", "action_flag": 2, "change_message": "[{\"changed\": {\"fields\": [\"Unit\"]}}]"}}, {"model": "admin.logentry", "pk": 170, "fields": {"action_time": "2024-03-02T09:57:49.792Z", "user": 1, "content_type": 17, "object_id": "77", "object_repr": "Noxat", "action_flag": 3, "change_message": ""}}, {"model": "admin.logentry", "pk": 171, "fields": {"action_time": "2024-03-02T12:05:02.710Z", "user": 1, "content_type": 17, "object_id": "80", "object_repr": "Gosh", "action_flag": 2, "change_message": "[{\"changed\": {\"fields\": [\"Unit\"]}}]"}}, {"model": "admin.logentry", "pk": 172, "fields": {"action_time": "2024-03-02T12:05:16.566Z", "user": 1, "content_type": 17, "object_id": "79", "object_repr": "Choy", "action_flag": 2, "change_message": "[{\"changed\": {\"fields\": [\"Unit\"]}}]"}}, {"model": "admin.logentry", "pk": 173, "fields": {"action_time": "2024-03-02T12:05:33.318Z", "user": 1, "content_type": 17, "object_id": "76", "object_repr": "Piyoz", "action_flag": 2, "change_message": "[{\"changed\": {\"fields\": [\"Unit\"]}}]"}}, {"model": "admin.logentry", "pk": 174, "fields": {"action_time": "2024-03-02T12:05:45.103Z", "user": 1, "content_type": 17, "object_id": "78", "object_repr": "Noxot", "action_flag": 2, "change_message": "[{\"changed\": {\"fields\": [\"Unit\"]}}]"}}, {"model": "admin.logentry", "pk": 175, "fields": {"action_time": "2024-03-02T12:05:55.046Z", "user": 1, "content_type": 17, "object_id": "82", "object_repr": "Akrachka", "action_flag": 2, "change_message": "[{\"changed\": {\"fields\": [\"Unit\"]}}]"}}, {"model": "admin.logentry", "pk": 176, "fields": {"action_time": "2024-03-02T12:06:05.042Z", "user": 1, "content_type": 17, "object_id": "75", "object_repr": "Сабзи", "action_flag": 2, "change_message": "[{\"changed\": {\"fields\": [\"Unit\"]}}]"}}, {"model": "admin.logentry", "pk": 177, "fields": {"action_time": "2024-03-02T12:06:14.057Z", "user": 1, "content_type": 17, "object_id": "74", "object_repr": "Garox", "action_flag": 2, "change_message": "[{\"changed\": {\"fields\": [\"Unit\"]}}]"}}, {"model": "admin.logentry", "pk": 178, "fields": {"action_time": "2024-03-02T12:06:23.311Z", "user": 1, "content_type": 17, "object_id": "73", "object_repr": "Guruch", "action_flag": 2, "change_message": "[{\"changed\": {\"fields\": [\"Unit\"]}}]"}}, {"model": "admin.logentry", "pk": 179, "fields": {"action_time": "2024-03-02T12:06:32.244Z", "user": 1, "content_type": 17, "object_id": "72", "object_repr": "Oq qand", "action_flag": 2, "change_message": "[{\"changed\": {\"fields\": [\"Unit\"]}}]"}}, {"model": "admin.logentry", "pk": 180, "fields": {"action_time": "2024-03-02T12:06:40.777Z", "user": 1, "content_type": 17, "object_id": "67", "object_repr": "Tuz", "action_flag": 2, "change_message": "[{\"changed\": {\"fields\": [\"Unit\"]}}]"}}, {"model": "admin.logentry", "pk": 181, "fields": {"action_time": "2024-03-02T12:06:49.731Z", "user": 1, "content_type": 17, "object_id": "65", "object_repr": "Sabzi", "action_flag": 2, "change_message": "[{\"changed\": {\"fields\": [\"Unit\"]}}]"}}, {"model": "admin.logentry", "pk": 182, "fields": {"action_time": "2024-03-02T12:06:59.267Z", "user": 1, "content_type": 17, "object_id": "83", "object_repr": "Akarachka", "action_flag": 2, "change_message": "[{\"changed\": {\"fields\": [\"Unit\"]}}]"}}, {"model": "admin.logentry", "pk": 183, "fields": {"action_time": "2024-03-02T12:07:10.628Z", "user": 1, "content_type": 17, "object_id": "35", "object_repr": "Ziravor", "action_flag": 2, "change_message": "[{\"changed\": {\"fields\": [\"Unit\"]}}]"}}, {"model": "admin.logentry", "pk": 184, "fields": {"action_time": "2024-03-02T12:07:20.175Z", "user": 1, "content_type": 17, "object_id": "34", "object_repr": "Zira", "action_flag": 2, "change_message": "[{\"changed\": {\"fields\": [\"Unit\"]}}]"}}, {"model": "admin.logentry", "pk": 185, "fields": {"action_time": "2024-03-02T12:10:10.640Z", "user": 1, "content_type": 17, "object_id": "24", "object_repr": "non", "action_flag": 3, "change_message": ""}}, {"model": "admin.logentry", "pk": 186, "fields": {"action_time": "2024-03-02T12:13:38.627Z", "user": 1, "content_type": 17, "object_id": "28", "object_repr": "remen", "action_flag": 3, "change_message": ""}}, {"model": "admin.logentry", "pk": 187, "fields": {"action_time": "2024-03-02T12:13:54.023Z", "user": 1, "content_type": 17, "object_id": "67", "object_repr": "Tuz", "action_flag": 3, "change_message": ""}}, {"model": "admin.logentry", "pk": 188, "fields": {"action_time": "2024-03-02T12:14:10.702Z", "user": 1, "content_type": 17, "object_id": "20", "object_repr": "pochibnik", "action_flag": 3, "change_message": ""}}, {"model": "admin.logentry", "pk": 189, "fields": {"action_time": "2024-03-02T12:14:56.680Z", "user": 1, "content_type": 17, "object_id": "80", "object_repr": "Gosh", "action_flag": 3, "change_message": ""}}, {"model": "admin.logentry", "pk": 190, "fields": {"action_time": "2024-03-02T12:15:06.314Z", "user": 1, "content_type": 17, "object_id": "81", "object_repr": "Paxta yog'", "action_flag": 2, "change_message": "[{\"changed\": {\"fields\": [\"Name\"]}}]"}}, {"model": "admin.logentry", "pk": 191, "fields": {"action_time": "2024-03-02T12:15:37.528Z", "user": 1, "content_type": 17, "object_id": "82", "object_repr": "Akrachka", "action_flag": 3, "change_message": ""}}, {"model": "admin.logentry", "pk": 192, "fields": {"action_time": "2024-03-02T12:16:26.490Z", "user": 1, "content_type": 17, "object_id": "75", "object_repr": "Сабзи", "action_flag": 3, "change_message": ""}}, {"model": "admin.logentry", "pk": 193, "fields": {"action_time": "2024-03-02T12:16:26.508Z", "user": 1, "content_type": 17, "object_id": "65", "object_repr": "Sabzi", "action_flag": 3, "change_message": ""}}, {"model": "admin.logentry", "pk": 194, "fields": {"action_time": "2024-03-02T12:16:26.525Z", "user": 1, "content_type": 17, "object_id": "26", "object_repr": "sabzi", "action_flag": 3, "change_message": ""}}, {"model": "admin.logentry", "pk": 195, "fields": {"action_time": "2024-03-06T06:26:30.916Z", "user": 3, "content_type": 9, "object_id": "24", "object_repr": "Maqsudjon Kenjayev", "action_flag": 1, "change_message": "[{\"added\": {}}]"}}, {"model": "admin.logentry", "pk": 196, "fields": {"action_time": "2024-03-06T06:26:37.458Z", "user": 3, "content_type": 9, "object_id": "24", "object_repr": "Maqsudjon Kenjayev", "action_flag": 2, "change_message": "[]"}}, {"model": "auth.permission", "pk": 1, "fields": {"name": "Can add log entry", "content_type": 1, "codename": "add_logentry"}}, {"model": "auth.permission", "pk": 2, "fields": {"name": "Can change log entry", "content_type": 1, "codename": "change_logentry"}}, {"model": "auth.permission", "pk": 3, "fields": {"name": "Can delete log entry", "content_type": 1, "codename": "delete_logentry"}}, {"model": "auth.permission", "pk": 4, "fields": {"name": "Can view log entry", "content_type": 1, "codename": "view_logentry"}}, {"model": "auth.permission", "pk": 5, "fields": {"name": "Can add permission", "content_type": 2, "codename": "add_permission"}}, {"model": "auth.permission", "pk": 6, "fields": {"name": "Can change permission", "content_type": 2, "codename": "change_permission"}}, {"model": "auth.permission", "pk": 7, "fields": {"name": "Can delete permission", "content_type": 2, "codename": "delete_permission"}}, {"model": "auth.permission", "pk": 8, "fields": {"name": "Can view permission", "content_type": 2, "codename": "view_permission"}}, {"model": "auth.permission", "pk": 9, "fields": {"name": "Can add group", "content_type": 3, "codename": "add_group"}}, {"model": "auth.permission", "pk": 10, "fields": {"name": "Can change group", "content_type": 3, "codename": "change_group"}}, {"model": "auth.permission", "pk": 11, "fields": {"name": "Can delete group", "content_type": 3, "codename": "delete_group"}}, {"model": "auth.permission", "pk": 12, "fields": {"name": "Can view group", "content_type": 3, "codename": "view_group"}}, {"model": "auth.permission", "pk": 13, "fields": {"name": "Can add content type", "content_type": 4, "codename": "add_contenttype"}}, {"model": "auth.permission", "pk": 14, "fields": {"name": "Can change content type", "content_type": 4, "codename": "change_contenttype"}}, {"model": "auth.permission", "pk": 15, "fields": {"name": "Can delete content type", "content_type": 4, "codename": "delete_contenttype"}}, {"model": "auth.permission", "pk": 16, "fields": {"name": "Can view content type", "content_type": 4, "codename": "view_contenttype"}}, {"model": "auth.permission", "pk": 17, "fields": {"name": "Can add session", "content_type": 5, "codename": "add_session"}}, {"model": "auth.permission", "pk": 18, "fields": {"name": "Can change session", "content_type": 5, "codename": "change_session"}}, {"model": "auth.permission", "pk": 19, "fields": {"name": "Can delete session", "content_type": 5, "codename": "delete_session"}}, {"model": "auth.permission", "pk": 20, "fields": {"name": "Can view session", "content_type": 5, "codename": "view_session"}}, {"model": "auth.permission", "pk": 21, "fields": {"name": "Can add Frontend translation", "content_type": 6, "codename": "add_frontendtranslation"}}, {"model": "auth.permission", "pk": 22, "fields": {"name": "Can change Frontend translation", "content_type": 6, "codename": "change_frontendtranslation"}}, {"model": "auth.permission", "pk": 23, "fields": {"name": "Can delete Frontend translation", "content_type": 6, "codename": "delete_frontendtranslation"}}, {"model": "auth.permission", "pk": 24, "fields": {"name": "Can view Frontend translation", "content_type": 6, "codename": "view_frontendtranslation"}}, {"model": "auth.permission", "pk": 25, "fields": {"name": "Can add Version history", "content_type": 7, "codename": "add_versionhistory"}}, {"model": "auth.permission", "pk": 26, "fields": {"name": "Can change Version history", "content_type": 7, "codename": "change_versionhistory"}}, {"model": "auth.permission", "pk": 27, "fields": {"name": "Can delete Version history", "content_type": 7, "codename": "delete_versionhistory"}}, {"model": "auth.permission", "pk": 28, "fields": {"name": "Can view Version history", "content_type": 7, "codename": "view_versionhistory"}}, {"model": "auth.permission", "pk": 29, "fields": {"name": "Can add Telegram notification", "content_type": 8, "codename": "add_telegramnotification"}}, {"model": "auth.permission", "pk": 30, "fields": {"name": "Can change Telegram notification", "content_type": 8, "codename": "change_telegramnotification"}}, {"model": "auth.permission", "pk": 31, "fields": {"name": "Can delete Telegram notification", "content_type": 8, "codename": "delete_telegramnotification"}}, {"model": "auth.permission", "pk": 32, "fields": {"name": "Can view Telegram notification", "content_type": 8, "codename": "view_telegramnotification"}}, {"model": "auth.permission", "pk": 33, "fields": {"name": "Can add User", "content_type": 9, "codename": "add_user"}}, {"model": "auth.permission", "pk": 34, "fields": {"name": "Can change User", "content_type": 9, "codename": "change_user"}}, {"model": "auth.permission", "pk": 35, "fields": {"name": "Can delete User", "content_type": 9, "codename": "delete_user"}}, {"model": "auth.permission", "pk": 36, "fields": {"name": "Can view User", "content_type": 9, "codename": "view_user"}}, {"model": "auth.permission", "pk": 37, "fields": {"name": "Can add product", "content_type": 10, "codename": "add_product"}}, {"model": "auth.permission", "pk": 38, "fields": {"name": "Can change product", "content_type": 10, "codename": "change_product"}}, {"model": "auth.permission", "pk": 39, "fields": {"name": "Can delete product", "content_type": 10, "codename": "delete_product"}}, {"model": "auth.permission", "pk": 40, "fields": {"name": "Can view product", "content_type": 10, "codename": "view_product"}}, {"model": "auth.permission", "pk": 41, "fields": {"name": "Can add product unit", "content_type": 11, "codename": "add_productunit"}}, {"model": "auth.permission", "pk": 42, "fields": {"name": "Can change product unit", "content_type": 11, "codename": "change_productunit"}}, {"model": "auth.permission", "pk": 43, "fields": {"name": "Can delete product unit", "content_type": 11, "codename": "delete_productunit"}}, {"model": "auth.permission", "pk": 44, "fields": {"name": "Can view product unit", "content_type": 11, "codename": "view_productunit"}}, {"model": "auth.permission", "pk": 45, "fields": {"name": "Can add order", "content_type": 12, "codename": "add_order"}}, {"model": "auth.permission", "pk": 46, "fields": {"name": "Can change order", "content_type": 12, "codename": "change_order"}}, {"model": "auth.permission", "pk": 47, "fields": {"name": "Can delete order", "content_type": 12, "codename": "delete_order"}}, {"model": "auth.permission", "pk": 48, "fields": {"name": "Can view order", "content_type": 12, "codename": "view_order"}}, {"model": "auth.permission", "pk": 49, "fields": {"name": "Can add order item", "content_type": 13, "codename": "add_orderitem"}}, {"model": "auth.permission", "pk": 50, "fields": {"name": "Can change order item", "content_type": 13, "codename": "change_orderitem"}}, {"model": "auth.permission", "pk": 51, "fields": {"name": "Can delete order item", "content_type": 13, "codename": "delete_orderitem"}}, {"model": "auth.permission", "pk": 52, "fields": {"name": "Can view order item", "content_type": 13, "codename": "view_orderitem"}}, {"model": "auth.permission", "pk": 53, "fields": {"name": "Can add Warehouse", "content_type": 14, "codename": "add_warehouse"}}, {"model": "auth.permission", "pk": 54, "fields": {"name": "Can change Warehouse", "content_type": 14, "codename": "change_warehouse"}}, {"model": "auth.permission", "pk": 55, "fields": {"name": "Can delete Warehouse", "content_type": 14, "codename": "delete_warehouse"}}, {"model": "auth.permission", "pk": 56, "fields": {"name": "Can view Warehouse", "content_type": 14, "codename": "view_warehouse"}}, {"model": "auth.permission", "pk": 57, "fields": {"name": "Can add Warehouse Product", "content_type": 15, "codename": "add_warehouseproduct"}}, {"model": "auth.permission", "pk": 58, "fields": {"name": "Can change Warehouse Product", "content_type": 15, "codename": "change_warehouseproduct"}}, {"model": "auth.permission", "pk": 59, "fields": {"name": "Can delete Warehouse Product", "content_type": 15, "codename": "delete_warehouseproduct"}}, {"model": "auth.permission", "pk": 60, "fields": {"name": "Can view Warehouse Product", "content_type": 15, "codename": "view_warehouseproduct"}}, {"model": "auth.permission", "pk": 61, "fields": {"name": "Can add Product Usage", "content_type": 16, "codename": "add_warehouseproductusage"}}, {"model": "auth.permission", "pk": 62, "fields": {"name": "Can change Product Usage", "content_type": 16, "codename": "change_warehouseproductusage"}}, {"model": "auth.permission", "pk": 63, "fields": {"name": "Can delete Product Usage", "content_type": 16, "codename": "delete_warehouseproductusage"}}, {"model": "auth.permission", "pk": 64, "fields": {"name": "Can view Product Usage", "content_type": 16, "codename": "view_warehouseproductusage"}}, {"model": "auth.permission", "pk": 65, "fields": {"name": "Can add product", "content_type": 17, "codename": "add_product"}}, {"model": "auth.permission", "pk": 66, "fields": {"name": "Can change product", "content_type": 17, "codename": "change_product"}}, {"model": "auth.permission", "pk": 67, "fields": {"name": "Can delete product", "content_type": 17, "codename": "delete_product"}}, {"model": "auth.permission", "pk": 68, "fields": {"name": "Can view product", "content_type": 17, "codename": "view_product"}}, {"model": "auth.permission", "pk": 69, "fields": {"name": "Can add product unit", "content_type": 18, "codename": "add_productunit"}}, {"model": "auth.permission", "pk": 70, "fields": {"name": "Can change product unit", "content_type": 18, "codename": "change_productunit"}}, {"model": "auth.permission", "pk": 71, "fields": {"name": "Can delete product unit", "content_type": 18, "codename": "delete_productunit"}}, {"model": "auth.permission", "pk": 72, "fields": {"name": "Can view product unit", "content_type": 18, "codename": "view_productunit"}}, {"model": "auth.permission", "pk": 73, "fields": {"name": "Can add Debt Payback", "content_type": 19, "codename": "add_debtpayback"}}, {"model": "auth.permission", "pk": 74, "fields": {"name": "Can change Debt Payback", "content_type": 19, "codename": "change_debtpayback"}}, {"model": "auth.permission", "pk": 75, "fields": {"name": "Can delete Debt Payback", "content_type": 19, "codename": "delete_debtpayback"}}, {"model": "auth.permission", "pk": 76, "fields": {"name": "Can view Debt Payback", "content_type": 19, "codename": "view_debtpayback"}}, {"model": "contenttypes.contenttype", "pk": 1, "fields": {"app_label": "admin", "model": "logentry"}}, {"model": "contenttypes.contenttype", "pk": 2, "fields": {"app_label": "auth", "model": "permission"}}, {"model": "contenttypes.contenttype", "pk": 3, "fields": {"app_label": "auth", "model": "group"}}, {"model": "contenttypes.contenttype", "pk": 4, "fields": {"app_label": "contenttypes", "model": "contenttype"}}, {"model": "contenttypes.contenttype", "pk": 5, "fields": {"app_label": "sessions", "model": "session"}}, {"model": "contenttypes.contenttype", "pk": 6, "fields": {"app_label": "common", "model": "frontendtranslation"}}, {"model": "contenttypes.contenttype", "pk": 7, "fields": {"app_label": "common", "model": "versionhistory"}}, {"model": "contenttypes.contenttype", "pk": 8, "fields": {"app_label": "common", "model": "telegramnotification"}}, {"model": "contenttypes.contenttype", "pk": 9, "fields": {"app_label": "users", "model": "user"}}, {"model": "contenttypes.contenttype", "pk": 10, "fields": {"app_label": "orders", "model": "product"}}, {"model": "contenttypes.contenttype", "pk": 11, "fields": {"app_label": "orders", "model": "productunit"}}, {"model": "contenttypes.contenttype", "pk": 12, "fields": {"app_label": "orders", "model": "order"}}, {"model": "contenttypes.contenttype", "pk": 13, "fields": {"app_label": "orders", "model": "orderitem"}}, {"model": "contenttypes.contenttype", "pk": 14, "fields": {"app_label": "stores", "model": "warehouse"}}, {"model": "contenttypes.contenttype", "pk": 15, "fields": {"app_label": "stores", "model": "warehouseproduct"}}, {"model": "contenttypes.contenttype", "pk": 16, "fields": {"app_label": "stores", "model": "warehouseproductusage"}}, {"model": "contenttypes.contenttype", "pk": 17, "fields": {"app_label": "stores", "model": "product"}}, {"model": "contenttypes.contenttype", "pk": 18, "fields": {"app_label": "stores", "model": "productunit"}}, {"model": "contenttypes.contenttype", "pk": 19, "fields": {"app_label": "orders", "model": "debtpayback"}}, {"model": "sessions.session", "pk": "0a9xdx3ofv1pvjpj3loxcfyt1c852m9b", "fields": {"session_data": ".eJxVjEEOgyAQRe_CuiEqOKjL7nsGMjCD2hpJAFdN715MXLTb_95_b2HxKIs9Mie7kpiEErffzaF_8X4CeuI-R-njXtLq5KnIi2b5iMTb_XL_Agvmpb6DV2ogcn2LBApMcNSowL5FJqNh9BVAD4OvUAObbgTQyGMHQ8NO9zVa4jxvbPNK7DCJqaSDP18khkAN:1rdwns:dBZWpjdE6WvkdgYlZ0MXC-uGqG8wwjKFf-ZyTFOFfx8", "expire_date": "2024-03-09T18:31:16.590Z"}}, {"model": "sessions.session", "pk": "0zj5wcok6c6wlq9izesy2ifyh03vn2n9", "fields": {"session_data": ".eJxVzMEOwiAQBNB_4WxIW2ChHr33G8jCLrZqICntyfjv0qQHvc6bmbfwuG-z3yuvfiFxFUpcfrOA8cn5AHpgvhcZS97WJcijIk-tcirEr9vZ_TuYsc5tnaJSjiiYHgkU2BSoU4ljj0xWwxgbgAEXG2pgO4wAGnkcwHUctBGfL_4IN-g:1res2k:uUNb7UnMzSHRZVgvaoHOjZiydma_Z6cS1pgqDvpLAIU", "expire_date": "2024-03-12T07:38:26.211Z"}}, {"model": "sessions.session", "pk": "142o84tczs7j1oy14cgrooph3qxf1nq8", "fields": {"session_data": ".eJxVjEEOwiAQRe_C2hAoMIwu3XsGMgwgVUOT0q6Md7dNutDtf-_9twi0LjWsPc9hTOIitDj9bpH4mdsO0oPafZI8tWUeo9wVedAub1PKr-vh_h1U6nWrnbFMPoPhoQBAYgXoo0ZtwPgyIHtnuRgoibNSWDZfaQ_W4dlRAhSfL8vtNvs:1rcYyt:imfFjVCh2Z6sBL4DUTSOaKAh9lRiGg9y5JPBOXY7wQ8", "expire_date": "2024-03-05T22:52:55.260Z"}}, {"model": "sessions.session", "pk": "197jegusr1b1ma4ti2uimfza91h41xqr", "fields": {"session_data": ".eJxVzMEOwiAQBNB_4WxIW2ChHr33G8jCLrZqICntyfjv0qQHvc6bmbfwuG-z3yuvfiFxFUpcfrOA8cn5AHpgvhcZS97WJcijIk-tcirEr9vZ_TuYsc5tnaJSjiiYHgkU2BSoU4ljj0xWwxgbgAEXG2pgO4wAGnkcwHUctBGfL_4IN-g:1rg0uF:CTzZvbRxlqCVTMlxDP0jPIcpemT8KHTgPAQQC6E886Q", "expire_date": "2024-03-15T11:18:23.808Z"}}, {"model": "sessions.session", "pk": "1it23kuwam5nby88jew889n5cboreib6", "fields": {"session_data": ".eJxVjEEOgyAQRe_CuiEqOKjL7nsGMjCD2hpJAFdN715MXLTb_95_b2HxKIs9Mie7kpiEErffzaF_8X4CeuI-R-njXtLq5KnIi2b5iMTb_XL_Agvmpb6DV2ogcn2LBApMcNSowL5FJqNh9BVAD4OvUAObbgTQyGMHQ8NO9zVa4jxvbPNK7DCJqaSDP18khkAN:1rchyV:8bBXwR1E0E-7MKL2z8TW7mMdcS0oK8ljwMw-m9JJAys", "expire_date": "2024-03-06T08:29:07.591Z"}}, {"model": "sessions.session", "pk": "4abrqovv9gu4kili1njreu8uv72y4z4h", "fields": {"session_data": ".eJxVjEEOwiAQRe_C2hAoMIwu3XsGMgwgVUOT0q6Md7dNutDtf-_9twi0LjWsPc9hTOIitDj9bpH4mdsO0oPafZI8tWUeo9wVedAub1PKr-vh_h1U6nWrnbFMPoPhoQBAYgXoo0ZtwPgyIHtnuRgoibNSWDZfaQ_W4dlRAhSfL8vtNvs:1rd4lH:_TyfkJDueD5-v4x9R0lWINgapGKYoq32PY1tq2WUVIk", "expire_date": "2024-03-07T08:48:59.118Z"}}, {"model": "sessions.session", "pk": "br257b95l41z797mv1gcu676c8069vmn", "fields": {"session_data": ".eJxVjEEOwiAQRe_C2hAoMIwu3XsGMgwgVUOT0q6Md7dNutDtf-_9twi0LjWsPc9hTOIitDj9bpH4mdsO0oPafZI8tWUeo9wVedAub1PKr-vh_h1U6nWrnbFMPoPhoQBAYgXoo0ZtwPgyIHtnuRgoibNSWDZfaQ_W4dlRAhSfL8vtNvs:1rd4lF:9PtZYPIAruvL0qXrbQPgSZYpZgfc4vR88X5bFze0o90", "expire_date": "2024-03-07T08:48:57.252Z"}}, {"model": "sessions.session", "pk": "fli6acpk3ef2muqd0fbe3nkllbiqsch0", "fields": {"session_data": ".eJxVjEEOwiAQRe_C2hAoMIwu3XsGMgwgVUOT0q6Md7dNutDtf-_9twi0LjWsPc9hTOIitDj9bpH4mdsO0oPafZI8tWUeo9wVedAub1PKr-vh_h1U6nWrnbFMPoPhoQBAYgXoo0ZtwPgyIHtnuRgoibNSWDZfaQ_W4dlRAhSfL8vtNvs:1revoS:emE0bSlsAPSbjPaA9gn6oVzthc7RoT91QpFMIht9muo", "expire_date": "2024-03-12T11:39:56.116Z"}}, {"model": "sessions.session", "pk": "gxfsb7bzknndpw13dpvpddr1zaexj6vt", "fields": {"session_data": ".eJxVjEEOwiAQRe_C2hAoMIwu3XsGMgwgVUOT0q6Md7dNutDtf-_9twi0LjWsPc9hTOIitDj9bpH4mdsO0oPafZI8tWUeo9wVedAub1PKr-vh_h1U6nWrnbFMPoPhoQBAYgXoo0ZtwPgyIHtnuRgoibNSWDZfaQ_W4dlRAhSfL8vtNvs:1rkRkC:NzfjXDe9ayg1vs8zewEP_2QkPMogn5HrHvMN1rPKZaI", "expire_date": "2024-03-27T16:46:20.042Z"}}, {"model": "sessions.session", "pk": "nvvpuzn33p5cczwseh1ri0y2c0ut3zel", "fields": {"session_data": ".eJxVzMEOwiAQBNB_4WxIW2ChHr33G8jCLrZqICntyfjv0qQHvc6bmbfwuG-z3yuvfiFxFUpcfrOA8cn5AHpgvhcZS97WJcijIk-tcirEr9vZ_TuYsc5tnaJSjiiYHgkU2BSoU4ljj0xWwxgbgAEXG2pgO4wAGnkcwHUctBGfL_4IN-g:1rd4mY:SUwqZBz7hXUrCm4mTkU4aTGFiiiWalvbDzMhKNKkixA", "expire_date": "2024-03-07T08:50:18.022Z"}}, {"model": "sessions.session", "pk": "rjt37v81kbb8r7wckrwtwuh1zpi9mjtg", "fields": {"session_data": ".eJxVjEEOwiAQRe_C2hAoMIwu3XsGMgwgVUOT0q6Md7dNutDtf-_9twi0LjWsPc9hTOIitDj9bpH4mdsO0oPafZI8tWUeo9wVedAub1PKr-vh_h1U6nWrnbFMPoPhoQBAYgXoo0ZtwPgyIHtnuRgoibNSWDZfaQ_W4dlRAhSfL8vtNvs:1rkpnF:k0JrK2hYoMtqDvlLTJxi5tZN_-ZUo_GDXBM8fOqRWz0", "expire_date": "2024-03-28T18:27:05.390Z"}}, {"model": "sessions.session", "pk": "yn8xgjchr7747rn35p4kgkwt5jjqlil6", "fields": {"session_data": ".eJxVzMEOwiAQBNB_4WxIW2ChHr33G8jCLrZqICntyfjv0qQHvc6bmbfwuG-z3yuvfiFxFUpcfrOA8cn5AHpgvhcZS97WJcijIk-tcirEr9vZ_TuYsc5tnaJSjiiYHgkU2BSoU4ljj0xWwxgbgAEXG2pgO4wAGnkcwHUctBGfL_4IN-g:1rlVj8:oUZKmdQLb2xhplZ_rtA9rkX2HHlfn17RJAn7vrszYVI", "expire_date": "2024-03-30T15:13:38.758Z"}}, {"model": "common.telegramnotification", "pk": 1, "fields": {"created_at": "2024-02-25T16:23:47.373Z", "updated_at": "2024-02-27T07:14:58.664Z", "bot_token": "6933086946:AAGqHR78EbTLOsD6m9Sjssnn7MztcgCTbkc", "chat_id": "-1002103343942", "is_enabled": true}}, {"model": "users.user", "pk": 1, "fields": {"password": "pbkdf2_sha256$720000$AfGmC8uWci0mo8OFW9qhSO$xTML3SyJwtMZZ85Sf3WHBvJkc3b7hOv+zMpXDWMDalg=", "last_login": "2024-03-14T18:27:05.358Z", "is_superuser": true, "username": "sobirjonovme", "email": "", "is_staff": true, "is_active": true, "date_joined": "2024-02-20T22:52:33Z", "first_name": "Asadbek", "last_name": "Sobirjonov", "role": "main_stockman", "telegram_id": null, "groups": [], "user_permissions": []}}, {"model": "users.user", "pk": 2, "fields": {"password": "pbkdf2_sha256$720000$BHp0VQxlY0DWmNHnt9S9Ba$fSACoJF2imfaNE6SWpL8L+zWF142jhaLD30ozTa5ZIA=", "last_login": null, "is_superuser": true, "username": "muhammadsalim", "email": "", "is_staff": true, "is_active": true, "date_joined": "2024-02-20T22:53:46Z", "first_name": "Muhammadsalim", "last_name": "Salimjonov", "role": "admin", "telegram_id": null, "groups": [], "user_permissions": []}}, {"model": "users.user", "pk": 3, "fields": {"password": "pbkdf2_sha256$720000$qCPAEpl8SEudgrv52u5VrW$FeiCZDMUb7+Kd408Linysa16Cb29gyoHzJWubrOU1r4=", "last_login": "2024-03-16T15:13:38.733Z", "is_superuser": true, "username": "admin", "email": "", "is_staff": true, "is_active": true, "date_joined": "2024-02-20T22:55:21Z", "first_name": "Adminjon", "last_name": "Adminjonov", "role": "admin", "telegram_id": null, "groups": [], "user_permissions": []}}, {"model": "users.user", "pk": 5, "fields": {"password": "pbkdf2_sha256$720000$5gVregE7tH3n9jGLM81Mha$KzNQcUvu8LlC7AY7wD5ZjbrV85j334HdYzSL089NJAk=", "last_login": null, "is_superuser": false, "username": "anvarovozodbek", "email": "", "is_staff": false, "is_active": true, "date_joined": "2024-02-21T08:35:19Z", "first_name": "Ozodbek", "last_name": "Anvarov", "role": "main_stockman", "telegram_id": null, "groups": [], "user_permissions": []}}, {"model": "users.user", "pk": 7, "fields": {"password": "pbkdf2_sha256$720000$y0q2hFmWWoGNNkFRR9xDTw$Mwvul7f8FDyCyRU4ihntDCGu6FDDrhFcgimJK8uOUDI=", "last_login": null, "is_superuser": false, "username": "anvarovsayifalixon", "email": "", "is_staff": false, "is_active": true, "date_joined": "2024-02-21T09:10:45Z", "first_name": "Sayifalixon", "last_name": "Anvarov", "role": "stockman", "telegram_id": null, "groups": [], "user_permissions": []}}, {"model": "users.user", "pk": 8, "fields": {"password": "pbkdf2_sha256$720000$nXWwcpKSQ0gsCKw4rvTn2X$cXv+jZHqcwuZAeArdvme7SWkP4z1a5EOE36LBafYMpE=", "last_login": null, "is_superuser": false, "username": "holmatovabdurahmon", "email": "", "is_staff": false, "is_active": true, "date_joined": "2024-02-21T09:15:35Z", "first_name": "Holmatov", "last_name": "Abdurahmon", "role": "stockman", "telegram_id": null, "groups": [], "user_permissions": []}}, {"model": "users.user", "pk": 10, "fields": {"password": "pbkdf2_sha256$720000$MQUUk1FsHvLyZrVUYEsAjX$7feJ3wdv6mJ2LVnS8eYybpxEq4/E/U73hp6rdWVLCMw=", "last_login": null, "is_superuser": false, "username": "adminjohn", "email": "", "is_staff": false, "is_active": true, "date_joined": "2024-02-22T10:45:02.845Z", "first_name": "Name", "last_name": "Name 2", "role": "admin", "telegram_id": null, "groups": [], "user_permissions": []}}, {"model": "users.user", "pk": 11, "fields": {"password": "pbkdf2_sha256$720000$8LkiCk4qTTP87PegCb3w9f$TpUWefcAHdwN9N/c/PNvpqB3DarJmUz8zL5i0ON1p40=", "last_login": null, "is_superuser": false, "username": "stockmantest", "email": "", "is_staff": false, "is_active": true, "date_joined": "2024-02-22T13:57:38.113Z", "first_name": "test", "last_name": "user", "role": "main_stockman", "telegram_id": null, "groups": [], "user_permissions": []}}, {"model": "users.user", "pk": 12, "fields": {"password": "pbkdf2_sha256$720000$PxyhK0gdDX0V6EXUCAPEC3$Aae+ykMLSynoy3HJmtKzSl+CfFaBuYZzgRwP1YHbAgk=", "last_login": null, "is_superuser": false, "username": "jahongirrahmonov", "email": "", "is_staff": false, "is_active": true, "date_joined": "2024-02-25T16:50:41.017Z", "first_name": "Jahongir", "last_name": "Rahmonov", "role": "main_stockman", "telegram_id": null, "groups": [], "user_permissions": []}}, {"model": "users.user", "pk": 14, "fields": {"password": "pbkdf2_sha256$720000$TSHVpN6qokVBdd1Hoqxy87$ABvlEnEanE07OwlEAA1v6Ijdr6fqL0HVREXIgxrpFlo=", "last_login": null, "is_superuser": false, "username": "azizsobirov", "email": "", "is_staff": false, "is_active": true, "date_joined": "2024-02-25T17:16:06.539Z", "first_name": "Aziz", "last_name": "Sobirov", "role": "watchman", "telegram_id": null, "groups": [], "user_permissions": []}}, {"model": "users.user", "pk": 15, "fields": {"password": "pbkdf2_sha256$720000$H3G6exBZxppQRjAqIdJnVX$LRRvCxI0j4QB+6ieZSLVOHyW+sQQxfC4tqicAEvd/4w=", "last_login": null, "is_superuser": false, "username": "toshmatovqutlugbek", "email": "", "is_staff": false, "is_active": true, "date_joined": "2024-02-27T05:32:48Z", "first_name": "Qutlug'bek", "last_name": "Toshmatov", "role": "watchman", "telegram_id": null, "groups": [], "user_permissions": []}}, {"model": "users.user", "pk": 16, "fields": {"password": "pbkdf2_sha256$720000$p8YrrCRYvVqsUgq4gw4Y2g$//N8O09B1ttjUYkxjbz/u/wSo6CZE65Eje1QTOu/TOU=", "last_login": null, "is_superuser": false, "username": "otanazarovnizomiddin", "email": "", "is_staff": false, "is_active": true, "date_joined": "2024-02-27T05:42:11Z", "first_name": "Nizomiddin", "last_name": "Otanazarov", "role": "supplier", "telegram_id": "1720088610", "groups": [], "user_permissions": []}}, {"model": "users.user", "pk": 17, "fields": {"password": "pbkdf2_sha256$720000$WVqm7a6hM4S4ImRwhlVZkx$nKyqba1Gsu/hkkkhbAIq1PLHmQtbxm7IcXjrI+M91Jg=", "last_login": null, "is_superuser": false, "username": "akramjonvalijonov", "email": "", "is_staff": false, "is_active": true, "date_joined": "2024-02-27T08:37:17Z", "first_name": "Akramjon", "last_name": "Valijonov", "role": "stockman", "telegram_id": null, "groups": [], "user_permissions": []}}, {"model": "users.user", "pk": 18, "fields": {"password": "pbkdf2_sha256$720000$zafpRq7AzNwkSpy4GrwVtq$lyWPmgt6XQdRX2u3a/2SQvRbK8W+qHcBXTPrJqaZecM=", "last_login": null, "is_superuser": false, "username": "motabarmuhiddinova", "email": "", "is_staff": false, "is_active": true, "date_joined": "2024-02-27T09:13:23Z", "first_name": "Mo'tabar", "last_name": "Muhiddinova", "role": "stockman", "telegram_id": null, "groups": [], "user_permissions": []}}, {"model": "users.user", "pk": 19, "fields": {"password": "pbkdf2_sha256$720000$hsZ0mrSaVmAM09prG71lgd$gxI+IMp0Paf8dp/My6MublPr2IOfgFdwGkJAN+Zre6E=", "last_login": null, "is_superuser": false, "username": "izzatilloabdubannopov", "email": "", "is_staff": false, "is_active": true, "date_joined": "2024-02-27T09:18:28Z", "first_name": "Izzatillo", "last_name": "Abdubannopov", "role": "stockman", "telegram_id": null, "groups": [], "user_permissions": []}}, {"model": "users.user", "pk": 20, "fields": {"password": "pbkdf2_sha256$720000$5Day3qABHJ4vTYmnzwz0V7$ty90Tj8u+7aa7tVKwF3GzFfnEgKOlZSGPVE4ARY9Hso=", "last_login": null, "is_superuser": false, "username": "mahmudjonotanov", "email": "", "is_staff": false, "is_active": true, "date_joined": "2024-02-27T11:03:48Z", "first_name": "Mahmudjon", "last_name": "O'tanov", "role": "watchman", "telegram_id": null, "groups": [], "user_permissions": []}}, {"model": "users.user", "pk": 21, "fields": {"password": "pbkdf2_sha256$720000$CXa7BvZMfVG8H7NLl0zcVT$MWakdoPUMCJGlofsSQdNkfvyVXU7OfmBomVf6nsnB8E=", "last_login": null, "is_superuser": false, "username": "yunusoveldorbek", "email": "", "is_staff": false, "is_active": true, "date_joined": "2024-02-28T09:58:43Z", "first_name": "Eldorbek", "last_name": "Yunusov", "role": "stockman", "telegram_id": null, "groups": [], "user_permissions": []}}, {"model": "users.user", "pk": 22, "fields": {"password": "pbkdf2_sha256$720000$Yn8MUN4oJCYIaFn5IJ5ZKa$tvnAPPu/bLhP8aPiHoeASkByrgResIF8DSz1tFg6FfY=", "last_login": null, "is_superuser": false, "username": "maqsudjon", "email": "", "is_staff": false, "is_active": true, "date_joined": "2024-02-28T11:42:24Z", "first_name": "Maqsudjon", "last_name": "Aka", "role": "main_stockman", "telegram_id": null, "groups": [], "user_permissions": []}}, {"model": "users.user", "pk": 23, "fields": {"password": "pbkdf2_sha256$720000$YhX7RFAjM4UXmv3qdFK7gO$zfdGfWCQ2qjetv4nmoF0zwEsZKyHXUZuAB0ICSa9rGA=", "last_login": null, "is_superuser": false, "username": "tojiboyevakmaljon", "email": "", "is_staff": false, "is_active": true, "date_joined": "2024-03-01T11:21:42Z", "first_name": "Akmaljon", "last_name": "Tojiboyev", "role": "stockman", "telegram_id": null, "groups": [], "user_permissions": []}}, {"model": "users.user", "pk": 24, "fields": {"password": "pbkdf2_sha256$720000$Zy3VD6hTf3BymseB9AlNFO$HinE0Vi2dXdlJH0g7tknIXaC2e6SMB5RqmwQVqqi7Pc=", "last_login": null, "is_superuser": false, "username": "kenjayevmaqsudjon", "email": "", "is_staff": false, "is_active": true, "date_joined": "2024-03-06T06:26:30Z", "first_name": "Maqsudjon", "last_name": "Kenjayev", "role": "main_stockman", "telegram_id": null, "groups": [], "user_permissions": []}}, {"model": "orders.order", "pk": 32, "fields": {"created_at": "2024-02-29T04:51:28.746Z", "updated_at": "2024-02-29T04:52:02.143Z", "status": "confirmed", "warehouse": 3, "ordered_by": 7, "main_stockman": 5, "supplier": 16, "watchman": null}}, {"model": "orders.order", "pk": 33, "fields": {"created_at": "2024-03-01T09:47:25.012Z", "updated_at": "2024-03-01T09:47:49.577Z", "status": "confirmed", "warehouse": 3, "ordered_by": 7, "main_stockman": 5, "supplier": 16, "watchman": null}}, {"model": "orders.order", "pk": 34, "fields": {"created_at": "2024-03-01T09:58:19.080Z", "updated_at": "2024-03-01T09:58:46.473Z", "status": "confirmed", "warehouse": 8, "ordered_by": 21, "main_stockman": 5, "supplier": 16, "watchman": null}}, {"model": "orders.order", "pk": 35, "fields": {"created_at": "2024-03-01T10:18:57.448Z", "updated_at": "2024-03-01T11:10:23.555Z", "status": "confirmed", "warehouse": 7, "ordered_by": 8, "main_stockman": 5, "supplier": 16, "watchman": null}}, {"model": "orders.order", "pk": 36, "fields": {"created_at": "2024-03-01T10:24:37.669Z", "updated_at": "2024-03-01T11:10:44.374Z", "status": "confirmed", "warehouse": 7, "ordered_by": 8, "main_stockman": 5, "supplier": 16, "watchman": null}}, {"model": "orders.order", "pk": 37, "fields": {"created_at": "2024-03-01T10:40:54.140Z", "updated_at": "2024-03-01T11:10:55.539Z", "status": "confirmed", "warehouse": 8, "ordered_by": 21, "main_stockman": 5, "supplier": 16, "watchman": null}}, {"model": "orders.order", "pk": 39, "fields": {"created_at": "2024-03-01T11:57:15.146Z", "updated_at": "2024-03-02T02:33:05.915Z", "status": "canceled", "warehouse": 4, "ordered_by": 17, "main_stockman": 5, "supplier": null, "watchman": null}}, {"model": "orders.order", "pk": 40, "fields": {"created_at": "2024-03-01T12:01:46.057Z", "updated_at": "2024-03-02T02:32:49.130Z", "status": "canceled", "warehouse": 4, "ordered_by": 17, "main_stockman": 5, "supplier": null, "watchman": null}}, {"model": "orders.order", "pk": 41, "fields": {"created_at": "2024-03-02T03:19:03.904Z", "updated_at": "2024-03-02T03:22:02.207Z", "status": "confirmed", "warehouse": 3, "ordered_by": 7, "main_stockman": 5, "supplier": 16, "watchman": null}}, {"model": "orders.order", "pk": 42, "fields": {"created_at": "2024-03-02T07:04:11.221Z", "updated_at": "2024-03-02T08:42:22.994Z", "status": "confirmed", "warehouse": 7, "ordered_by": 8, "main_stockman": 5, "supplier": 16, "watchman": null}}, {"model": "orders.order", "pk": 43, "fields": {"created_at": "2024-03-02T07:04:55.027Z", "updated_at": "2024-03-02T08:43:46.296Z", "status": "confirmed", "warehouse": 7, "ordered_by": 8, "main_stockman": 5, "supplier": 16, "watchman": null}}, {"model": "orders.order", "pk": 44, "fields": {"created_at": "2024-03-02T07:05:22.932Z", "updated_at": "2024-03-02T08:42:32.821Z", "status": "confirmed", "warehouse": 7, "ordered_by": 8, "main_stockman": 5, "supplier": 16, "watchman": null}}, {"model": "orders.order", "pk": 45, "fields": {"created_at": "2024-03-02T07:06:01.009Z", "updated_at": "2024-03-02T08:42:41.738Z", "status": "confirmed", "warehouse": 7, "ordered_by": 8, "main_stockman": 5, "supplier": 16, "watchman": null}}, {"model": "orders.order", "pk": 46, "fields": {"created_at": "2024-03-02T07:06:51.776Z", "updated_at": "2024-03-02T08:42:50.479Z", "status": "confirmed", "warehouse": 7, "ordered_by": 8, "main_stockman": 5, "supplier": 16, "watchman": null}}, {"model": "orders.order", "pk": 47, "fields": {"created_at": "2024-03-02T07:10:23.586Z", "updated_at": "2024-03-02T08:43:00.005Z", "status": "confirmed", "warehouse": 7, "ordered_by": 8, "main_stockman": 5, "supplier": 16, "watchman": null}}, {"model": "orders.order", "pk": 48, "fields": {"created_at": "2024-03-02T08:31:40.159Z", "updated_at": "2024-03-02T08:43:28.845Z", "status": "confirmed", "warehouse": 3, "ordered_by": 7, "main_stockman": 5, "supplier": 16, "watchman": null}}, {"model": "orders.order", "pk": 53, "fields": {"created_at": "2024-03-03T10:23:36.808Z", "updated_at": "2024-03-04T03:06:17.254Z", "status": "confirmed", "warehouse": 7, "ordered_by": 8, "main_stockman": 5, "supplier": 16, "watchman": null}}, {"model": "orders.order", "pk": 54, "fields": {"created_at": "2024-03-03T10:24:08.210Z", "updated_at": "2024-03-04T03:08:35.730Z", "status": "confirmed", "warehouse": 7, "ordered_by": 8, "main_stockman": 5, "supplier": 16, "watchman": null}}, {"model": "orders.order", "pk": 55, "fields": {"created_at": "2024-03-03T10:24:39.504Z", "updated_at": "2024-03-04T03:06:39.237Z", "status": "confirmed", "warehouse": 7, "ordered_by": 8, "main_stockman": 5, "supplier": 16, "watchman": null}}, {"model": "orders.order", "pk": 56, "fields": {"created_at": "2024-03-03T10:25:12.691Z", "updated_at": "2024-03-04T03:07:02.636Z", "status": "confirmed", "warehouse": 7, "ordered_by": 8, "main_stockman": 5, "supplier": 16, "watchman": null}}, {"model": "orders.order", "pk": 57, "fields": {"created_at": "2024-03-03T10:26:07.272Z", "updated_at": "2024-03-04T03:07:26.203Z", "status": "confirmed", "warehouse": 7, "ordered_by": 8, "main_stockman": 5, "supplier": 16, "watchman": null}}, {"model": "orders.order", "pk": 58, "fields": {"created_at": "2024-03-03T10:27:28.335Z", "updated_at": "2024-03-04T03:07:42.860Z", "status": "confirmed", "warehouse": 7, "ordered_by": 8, "main_stockman": 5, "supplier": 16, "watchman": null}}, {"model": "orders.order", "pk": 59, "fields": {"created_at": "2024-03-03T10:27:54.016Z", "updated_at": "2024-03-04T03:08:02.714Z", "status": "confirmed", "warehouse": 7, "ordered_by": 8, "main_stockman": 5, "supplier": 16, "watchman": null}}, {"model": "orders.order", "pk": 60, "fields": {"created_at": "2024-03-04T09:39:49.777Z", "updated_at": "2024-03-04T09:39:49.777Z", "status": "created", "warehouse": 9, "ordered_by": 23, "main_stockman": null, "supplier": null, "watchman": null}}, {"model": "orders.order", "pk": 61, "fields": {"created_at": "2024-03-04T10:38:23.543Z", "updated_at": "2024-03-04T10:38:23.543Z", "status": "created", "warehouse": null, "ordered_by": 21, "main_stockman": null, "supplier": null, "watchman": null}}, {"model": "orders.order", "pk": 62, "fields": {"created_at": "2024-03-04T10:44:19.336Z", "updated_at": "2024-03-04T11:19:41.580Z", "status": "confirmed", "warehouse": 7, "ordered_by": 8, "main_stockman": 5, "supplier": 16, "watchman": null}}, {"model": "orders.order", "pk": 63, "fields": {"created_at": "2024-03-04T12:10:12.759Z", "updated_at": "2024-03-04T12:10:12.759Z", "status": "created", "warehouse": 9, "ordered_by": 23, "main_stockman": null, "supplier": null, "watchman": null}}, {"model": "orders.order", "pk": 64, "fields": {"created_at": "2024-03-05T03:35:06.838Z", "updated_at": "2024-03-05T03:35:06.838Z", "status": "created", "warehouse": 8, "ordered_by": 21, "main_stockman": null, "supplier": null, "watchman": null}}, {"model": "orders.order", "pk": 65, "fields": {"created_at": "2024-03-05T03:38:57.404Z", "updated_at": "2024-03-05T03:38:57.404Z", "status": "created", "warehouse": 8, "ordered_by": 21, "main_stockman": null, "supplier": null, "watchman": null}}, {"model": "orders.order", "pk": 66, "fields": {"created_at": "2024-03-05T03:39:45.445Z", "updated_at": "2024-03-06T06:35:06.664Z", "status": "confirmed", "warehouse": null, "ordered_by": 21, "main_stockman": 24, "supplier": 16, "watchman": null}}, {"model": "orders.order", "pk": 67, "fields": {"created_at": "2024-03-05T05:23:16.411Z", "updated_at": "2024-03-05T05:26:22.028Z", "status": "confirmed", "warehouse": 4, "ordered_by": 17, "main_stockman": 5, "supplier": 16, "watchman": null}}, {"model": "orders.order", "pk": 68, "fields": {"created_at": "2024-03-05T08:16:08.450Z", "updated_at": "2024-03-05T14:01:53.466Z", "status": "confirmed", "warehouse": 8, "ordered_by": 21, "main_stockman": 5, "supplier": 16, "watchman": null}}, {"model": "orders.order", "pk": 69, "fields": {"created_at": "2024-03-05T15:01:47.316Z", "updated_at": "2024-03-05T15:11:59.692Z", "status": "confirmed", "warehouse": 9, "ordered_by": 23, "main_stockman": 5, "supplier": 16, "watchman": null}}, {"model": "orders.order", "pk": 70, "fields": {"created_at": "2024-03-05T16:08:32.310Z", "updated_at": "2024-03-06T03:36:07.575Z", "status": "confirmed", "warehouse": 7, "ordered_by": 8, "main_stockman": 5, "supplier": 16, "watchman": null}}, {"model": "orders.order", "pk": 71, "fields": {"created_at": "2024-03-06T03:09:53.010Z", "updated_at": "2024-03-06T03:36:33.303Z", "status": "confirmed", "warehouse": null, "ordered_by": 17, "main_stockman": 5, "supplier": 16, "watchman": null}}, {"model": "orders.order", "pk": 72, "fields": {"created_at": "2024-03-06T04:31:10.120Z", "updated_at": "2024-03-06T06:31:57.103Z", "status": "confirmed", "warehouse": 8, "ordered_by": 21, "main_stockman": 24, "supplier": 16, "watchman": null}}, {"model": "orders.order", "pk": 73, "fields": {"created_at": "2024-03-06T06:35:55.339Z", "updated_at": "2024-03-06T06:36:05.661Z", "status": "canceled", "warehouse": 8, "ordered_by": 24, "main_stockman": 24, "supplier": null, "watchman": null}}, {"model": "orders.order", "pk": 74, "fields": {"created_at": "2024-03-06T06:37:04.582Z", "updated_at": "2024-03-06T06:37:08.625Z", "status": "confirmed", "warehouse": 8, "ordered_by": 24, "main_stockman": 24, "supplier": 16, "watchman": null}}, {"model": "orders.order", "pk": 75, "fields": {"created_at": "2024-03-06T06:37:22.858Z", "updated_at": "2024-03-06T06:37:29.455Z", "status": "canceled", "warehouse": 6, "ordered_by": 24, "main_stockman": 24, "supplier": null, "watchman": null}}, {"model": "orders.order", "pk": 76, "fields": {"created_at": "2024-03-06T14:00:27.847Z", "updated_at": "2024-03-06T18:06:38.679Z", "status": "confirmed", "warehouse": 7, "ordered_by": 8, "main_stockman": 5, "supplier": 16, "watchman": null}}, {"model": "orders.order", "pk": 77, "fields": {"created_at": "2024-03-07T03:24:00.746Z", "updated_at": "2024-03-07T04:48:07.890Z", "status": "confirmed", "warehouse": 8, "ordered_by": 21, "main_stockman": 5, "supplier": 16, "watchman": null}}, {"model": "orders.order", "pk": 78, "fields": {"created_at": "2024-03-07T03:25:20.672Z", "updated_at": "2024-03-07T04:48:25.263Z", "status": "confirmed", "warehouse": 8, "ordered_by": 21, "main_stockman": 5, "supplier": 16, "watchman": null}}, {"model": "orders.order", "pk": 79, "fields": {"created_at": "2024-03-09T04:05:28.730Z", "updated_at": "2024-03-10T01:59:57.041Z", "status": "confirmed", "warehouse": 8, "ordered_by": 21, "main_stockman": 5, "supplier": 16, "watchman": null}}, {"model": "orders.order", "pk": 80, "fields": {"created_at": "2024-03-09T04:35:07.630Z", "updated_at": "2024-03-10T02:00:26.601Z", "status": "confirmed", "warehouse": 7, "ordered_by": 8, "main_stockman": 5, "supplier": 16, "watchman": null}}, {"model": "orders.order", "pk": 81, "fields": {"created_at": "2024-03-09T06:42:21.728Z", "updated_at": "2024-03-10T02:00:46.652Z", "status": "confirmed", "warehouse": 7, "ordered_by": 8, "main_stockman": 5, "supplier": 16, "watchman": null}}, {"model": "orders.order", "pk": 82, "fields": {"created_at": "2024-03-09T06:44:43.276Z", "updated_at": "2024-03-10T02:01:03.982Z", "status": "confirmed", "warehouse": 7, "ordered_by": 8, "main_stockman": 5, "supplier": 16, "watchman": null}}, {"model": "orders.order", "pk": 83, "fields": {"created_at": "2024-03-09T06:45:58.130Z", "updated_at": "2024-03-10T02:01:13.252Z", "status": "confirmed", "warehouse": 7, "ordered_by": 8, "main_stockman": 5, "supplier": 16, "watchman": null}}, {"model": "orders.order", "pk": 84, "fields": {"created_at": "2024-03-11T03:05:25.400Z", "updated_at": "2024-03-14T12:58:36.977Z", "status": "canceled", "warehouse": 7, "ordered_by": 8, "main_stockman": 5, "supplier": null, "watchman": null}}, {"model": "orders.order", "pk": 85, "fields": {"created_at": "2024-03-11T05:09:43.805Z", "updated_at": "2024-03-14T12:58:53.729Z", "status": "confirmed", "warehouse": 8, "ordered_by": 21, "main_stockman": 5, "supplier": 16, "watchman": null}}, {"model": "orders.orderitem", "pk": 45, "fields": {"created_at": "2024-02-29T04:51:28.795Z", "updated_at": "2024-02-29T04:51:28.795Z", "order": 32, "product": 6, "needed_amount": "25.00", "delivered_amount": null, "image": "", "comment": null, "cash_amount": "0.00", "card_amount": "0.00", "debt_amount": "0.00", "remain_debt": "0.00", "payment_comment": null}}, {"model": "orders.orderitem", "pk": 46, "fields": {"created_at": "2024-03-01T09:47:25.999Z", "updated_at": "2024-03-01T09:47:25.999Z", "order": 33, "product": 7, "needed_amount": "1.00", "delivered_amount": null, "image": "", "comment": "тез", "cash_amount": "0.00", "card_amount": "0.00", "debt_amount": "0.00", "remain_debt": "0.00", "payment_comment": null}}, {"model": "orders.orderitem", "pk": 47, "fields": {"created_at": "2024-03-01T09:58:19.138Z", "updated_at": "2024-03-01T09:58:19.138Z", "order": 34, "product": 1, "needed_amount": "20.00", "delivered_amount": null, "image": "", "comment": ";o;ioj", "cash_amount": "0.00", "card_amount": "0.00", "debt_amount": "0.00", "remain_debt": "0.00", "payment_comment": null}}, {"model": "orders.orderitem", "pk": 48, "fields": {"created_at": "2024-03-01T10:18:57.486Z", "updated_at": "2024-03-01T10:18:57.486Z", "order": 35, "product": 50, "needed_amount": "20.00", "delivered_amount": null, "image": "", "comment": "lkh", "cash_amount": "0.00", "card_amount": "0.00", "debt_amount": "0.00", "remain_debt": "0.00", "payment_comment": null}}, {"model": "orders.orderitem", "pk": 49, "fields": {"created_at": "2024-03-01T10:24:37.733Z", "updated_at": "2024-03-01T10:24:37.733Z", "order": 36, "product": 6, "needed_amount": "15.00", "delivered_amount": null, "image": "", "comment": "02/03/2024/ иссиқ овкат учун", "cash_amount": "0.00", "card_amount": "0.00", "debt_amount": "0.00", "remain_debt": "0.00", "payment_comment": null}}, {"model": "orders.orderitem", "pk": 50, "fields": {"created_at": "2024-03-01T10:40:54.184Z", "updated_at": "2024-03-01T10:40:54.184Z", "order": 37, "product": 53, "needed_amount": "1.00", "delivered_amount": null, "image": "", "comment": "tez keliwshi kerak", "cash_amount": "0.00", "card_amount": "0.00", "debt_amount": "0.00", "remain_debt": "0.00", "payment_comment": null}}, {"model": "orders.orderitem", "pk": 52, "fields": {"created_at": "2024-03-01T11:57:15.176Z", "updated_at": "2024-03-01T11:57:15.176Z", "order": 39, "product": 58, "needed_amount": "140.00", "delivered_amount": null, "image": "", "comment": "", "cash_amount": "0.00", "card_amount": "0.00", "debt_amount": "0.00", "remain_debt": "0.00", "payment_comment": null}}, {"model": "orders.orderitem", "pk": 53, "fields": {"created_at": "2024-03-01T12:01:46.093Z", "updated_at": "2024-03-01T12:01:46.093Z", "order": 40, "product": 60, "needed_amount": "100.00", "delivered_amount": null, "image": "", "comment": "prastoy", "cash_amount": "0.00", "card_amount": "0.00", "debt_amount": "0.00", "remain_debt": "0.00", "payment_comment": null}}, {"model": "orders.orderitem", "pk": 54, "fields": {"created_at": "2024-03-01T12:01:46.124Z", "updated_at": "2024-03-01T12:01:46.124Z", "order": 40, "product": 59, "needed_amount": "10.00", "delivered_amount": null, "image": "", "comment": "kichkinasidan", "cash_amount": "0.00", "card_amount": "0.00", "debt_amount": "0.00", "remain_debt": "0.00", "payment_comment": null}}, {"model": "orders.orderitem", "pk": 55, "fields": {"created_at": "2024-03-01T12:01:46.150Z", "updated_at": "2024-03-01T12:01:46.150Z", "order": 40, "product": 61, "needed_amount": "5.00", "delivered_amount": null, "image": "", "comment": "uborka uchun zarur", "cash_amount": "0.00", "card_amount": "0.00", "debt_amount": "0.00", "remain_debt": "0.00", "payment_comment": null}}, {"model": "orders.orderitem", "pk": 56, "fields": {"created_at": "2024-03-02T03:19:04.372Z", "updated_at": "2024-03-02T03:19:04.372Z", "order": 41, "product": 6, "needed_amount": "50.00", "delivered_amount": null, "image": "", "comment": "", "cash_amount": "0.00", "card_amount": "0.00", "debt_amount": "0.00", "remain_debt": "0.00", "payment_comment": null}}, {"model": "orders.orderitem", "pk": 57, "fields": {"created_at": "2024-03-02T07:04:11.254Z", "updated_at": "2024-03-02T07:04:11.254Z", "order": 42, "product": 50, "needed_amount": "7.00", "delivered_amount": null, "image": "", "comment": "04 02 2024 kuniga Issiq ovqat uchun", "cash_amount": "0.00", "card_amount": "0.00", "debt_amount": "0.00", "remain_debt": "0.00", "payment_comment": null}}, {"model": "orders.orderitem", "pk": 58, "fields": {"created_at": "2024-03-02T07:04:55.068Z", "updated_at": "2024-03-02T07:04:55.068Z", "order": 43, "product": 1, "needed_amount": "30.00", "delivered_amount": null, "image": "", "comment": "04 02 2024 kuniga Issiq ovqat uchun", "cash_amount": "0.00", "card_amount": "0.00", "debt_amount": "0.00", "remain_debt": "0.00", "payment_comment": null}}, {"model": "orders.orderitem", "pk": 59, "fields": {"created_at": "2024-03-02T07:05:23.091Z", "updated_at": "2024-03-02T07:05:23.091Z", "order": 44, "product": 68, "needed_amount": "4.00", "delivered_amount": null, "image": "", "comment": "04 02 2024 kuniga Issiq ovqat uchun", "cash_amount": "0.00", "card_amount": "0.00", "debt_amount": "0.00", "remain_debt": "0.00", "payment_comment": null}}, {"model": "orders.orderitem", "pk": 60, "fields": {"created_at": "2024-03-02T07:06:01.048Z", "updated_at": "2024-03-02T07:06:01.048Z", "order": 45, "product": 66, "needed_amount": "2.00", "delivered_amount": null, "image": "", "comment": "04 03 2024 kuniga Issiq ovqat uchun", "cash_amount": "0.00", "card_amount": "0.00", "debt_amount": "0.00", "remain_debt": "0.00", "payment_comment": null}}, {"model": "orders.orderitem", "pk": 61, "fields": {"created_at": "2024-03-02T07:06:51.808Z", "updated_at": "2024-03-02T07:06:51.808Z", "order": 46, "product": 2, "needed_amount": "30.00", "delivered_amount": null, "image": "", "comment": "04 03 2024 kuniga Issiq ovqat uchun", "cash_amount": "0.00", "card_amount": "0.00", "debt_amount": "0.00", "remain_debt": "0.00", "payment_comment": null}}, {"model": "orders.orderitem", "pk": 62, "fields": {"created_at": "2024-03-02T07:10:23.601Z", "updated_at": "2024-03-02T07:10:23.601Z", "order": 47, "product": 69, "needed_amount": "2.00", "delivered_amount": null, "image": "", "comment": "04 03 2024 kuniga Issiq ovqat uchun", "cash_amount": "0.00", "card_amount": "0.00", "debt_amount": "0.00", "remain_debt": "0.00", "payment_comment": null}}, {"model": "orders.orderitem", "pk": 63, "fields": {"created_at": "2024-03-02T08:31:40.237Z", "updated_at": "2024-03-02T08:31:40.237Z", "order": 48, "product": 63, "needed_amount": "2.00", "delivered_amount": null, "image": "", "comment": "Ugardi prslagani kanop ip ertaga kelsa ham bolaveradi", "cash_amount": "0.00", "card_amount": "0.00", "debt_amount": "0.00", "remain_debt": "0.00", "payment_comment": null}}, {"model": "orders.orderitem", "pk": 68, "fields": {"created_at": "2024-03-03T10:23:36.856Z", "updated_at": "2024-03-03T10:23:36.856Z", "order": 53, "product": 73, "needed_amount": "40.00", "delivered_amount": null, "image": "", "comment": "04 03 2024 kuniga Issiq ovqat uchun", "cash_amount": "0.00", "card_amount": "0.00", "debt_amount": "0.00", "remain_debt": "0.00", "payment_comment": null}}, {"model": "orders.orderitem", "pk": 69, "fields": {"created_at": "2024-03-03T10:24:08.364Z", "updated_at": "2024-03-03T10:24:08.364Z", "order": 54, "product": 4, "needed_amount": "30.00", "delivered_amount": null, "image": "", "comment": "04 03 2024 kuniga Issiq ovqat uchun", "cash_amount": "0.00", "card_amount": "0.00", "debt_amount": "0.00", "remain_debt": "0.00", "payment_comment": null}}, {"model": "orders.orderitem", "pk": 70, "fields": {"created_at": "2024-03-03T10:24:39.529Z", "updated_at": "2024-03-03T10:24:39.529Z", "order": 55, "product": 70, "needed_amount": "8.00", "delivered_amount": null, "image": "", "comment": "Kletka", "cash_amount": "0.00", "card_amount": "0.00", "debt_amount": "0.00", "remain_debt": "0.00", "payment_comment": null}}, {"model": "orders.orderitem", "pk": 71, "fields": {"created_at": "2024-03-03T10:25:12.747Z", "updated_at": "2024-03-03T10:25:12.747Z", "order": 56, "product": 72, "needed_amount": "4.00", "delivered_amount": null, "image": "", "comment": "04 03 2024 kuniga Issiq ovqat uchun", "cash_amount": "0.00", "card_amount": "0.00", "debt_amount": "0.00", "remain_debt": "0.00", "payment_comment": null}}, {"model": "orders.orderitem", "pk": 72, "fields": {"created_at": "2024-03-03T10:26:07.290Z", "updated_at": "2024-03-03T10:26:07.290Z", "order": 57, "product": 34, "needed_amount": "0.50", "delivered_amount": null, "image": "", "comment": "04 03 2024 kuniga Issiq ovqat uchun", "cash_amount": "0.00", "card_amount": "0.00", "debt_amount": "0.00", "remain_debt": "0.00", "payment_comment": null}}, {"model": "orders.orderitem", "pk": 73, "fields": {"created_at": "2024-03-03T10:27:28.354Z", "updated_at": "2024-03-03T10:27:28.354Z", "order": 58, "product": 78, "needed_amount": "3.00", "delivered_amount": null, "image": "", "comment": "04 03 2024 kuniga Issiq ovqat uchun", "cash_amount": "0.00", "card_amount": "0.00", "debt_amount": "0.00", "remain_debt": "0.00", "payment_comment": null}}, {"model": "orders.orderitem", "pk": 74, "fields": {"created_at": "2024-03-03T10:27:54.034Z", "updated_at": "2024-03-03T10:27:54.034Z", "order": 59, "product": 79, "needed_amount": "2.00", "delivered_amount": null, "image": "", "comment": "04 03 2024 kuniga Issiq ovqat uchun", "cash_amount": "0.00", "card_amount": "0.00", "debt_amount": "0.00", "remain_debt": "0.00", "payment_comment": null}}, {"model": "orders.orderitem", "pk": 75, "fields": {"created_at": "2024-03-04T09:39:49.810Z", "updated_at": "2024-03-04T09:39:49.810Z", "order": 60, "product": 79, "needed_amount": "2.00", "delivered_amount": null, "image": "", "comment": "ntp", "cash_amount": "0.00", "card_amount": "0.00", "debt_amount": "0.00", "remain_debt": "0.00", "payment_comment": null}}, {"model": "orders.orderitem", "pk": 76, "fields": {"created_at": "2024-03-04T10:38:24.513Z", "updated_at": "2024-03-04T10:38:24.513Z", "order": 61, "product": 22, "needed_amount": "1.00", "delivered_amount": null, "image": "", "comment": "тез", "cash_amount": "0.00", "card_amount": "0.00", "debt_amount": "0.00", "remain_debt": "0.00", "payment_comment": null}}, {"model": "orders.orderitem", "pk": 77, "fields": {"created_at": "2024-03-04T10:44:19.445Z", "updated_at": "2024-03-04T10:44:19.445Z", "order": 62, "product": 6, "needed_amount": "20.00", "delivered_amount": null, "image": "", "comment": "05 03 2024 kuniga Issiq ovqat uchun", "cash_amount": "0.00", "card_amount": "0.00", "debt_amount": "0.00", "remain_debt": "0.00", "payment_comment": null}}, {"model": "orders.orderitem", "pk": 78, "fields": {"created_at": "2024-03-04T12:10:12.787Z", "updated_at": "2024-03-04T12:10:12.787Z", "order": 63, "product": 50, "needed_amount": "44.00", "delivered_amount": null, "image": "", "comment": "тез", "cash_amount": "0.00", "card_amount": "0.00", "debt_amount": "0.00", "remain_debt": "0.00", "payment_comment": null}}, {"model": "orders.orderitem", "pk": 79, "fields": {"created_at": "2024-03-05T03:35:06.873Z", "updated_at": "2024-03-05T03:35:06.873Z", "order": 64, "product": 50, "needed_amount": "7.00", "delivered_amount": null, "image": "", "comment": "тез", "cash_amount": "0.00", "card_amount": "0.00", "debt_amount": "0.00", "remain_debt": "0.00", "payment_comment": null}}, {"model": "orders.orderitem", "pk": 80, "fields": {"created_at": "2024-03-05T03:35:06.898Z", "updated_at": "2024-03-05T03:35:06.898Z", "order": 64, "product": 73, "needed_amount": "35.00", "delivered_amount": null, "image": "", "comment": "тез", "cash_amount": "0.00", "card_amount": "0.00", "debt_amount": "0.00", "remain_debt": "0.00", "payment_comment": null}}, {"model": "orders.orderitem", "pk": 81, "fields": {"created_at": "2024-03-05T03:35:06.925Z", "updated_at": "2024-03-05T03:35:06.925Z", "order": 64, "product": 68, "needed_amount": "2.00", "delivered_amount": null, "image": "", "comment": "тез", "cash_amount": "0.00", "card_amount": "0.00", "debt_amount": "0.00", "remain_debt": "0.00", "payment_comment": null}}, {"model": "orders.orderitem", "pk": 82, "fields": {"created_at": "2024-03-05T03:35:06.952Z", "updated_at": "2024-03-05T03:35:06.952Z", "order": 64, "product": 1, "needed_amount": "20.00", "delivered_amount": null, "image": "", "comment": "тез", "cash_amount": "0.00", "card_amount": "0.00", "debt_amount": "0.00", "remain_debt": "0.00", "payment_comment": null}}, {"model": "orders.orderitem", "pk": 83, "fields": {"created_at": "2024-03-05T03:35:06.982Z", "updated_at": "2024-03-05T03:35:06.982Z", "order": 64, "product": 2, "needed_amount": "10.00", "delivered_amount": null, "image": "", "comment": "тез", "cash_amount": "0.00", "card_amount": "0.00", "debt_amount": "0.00", "remain_debt": "0.00", "payment_comment": null}}, {"model": "orders.orderitem", "pk": 84, "fields": {"created_at": "2024-03-05T03:35:07.014Z", "updated_at": "2024-03-05T03:35:07.014Z", "order": 64, "product": 4, "needed_amount": "45.00", "delivered_amount": null, "image": "", "comment": "тез", "cash_amount": "0.00", "card_amount": "0.00", "debt_amount": "0.00", "remain_debt": "0.00", "payment_comment": null}}, {"model": "orders.orderitem", "pk": 85, "fields": {"created_at": "2024-03-05T03:35:07.046Z", "updated_at": "2024-03-05T03:35:07.047Z", "order": 64, "product": 70, "needed_amount": "150.00", "delivered_amount": null, "image": "", "comment": "тез", "cash_amount": "0.00", "card_amount": "0.00", "debt_amount": "0.00", "remain_debt": "0.00", "payment_comment": null}}, {"model": "orders.orderitem", "pk": 86, "fields": {"created_at": "2024-03-05T03:35:07.077Z", "updated_at": "2024-03-05T03:35:07.077Z", "order": 64, "product": 85, "needed_amount": "1.00", "delivered_amount": null, "image": "", "comment": "тез", "cash_amount": "0.00", "card_amount": "0.00", "debt_amount": "0.00", "remain_debt": "0.00", "payment_comment": null}}, {"model": "orders.orderitem", "pk": 87, "fields": {"created_at": "2024-03-05T03:35:07.106Z", "updated_at": "2024-03-05T03:35:07.106Z", "order": 64, "product": 69, "needed_amount": "1.00", "delivered_amount": null, "image": "", "comment": "тез", "cash_amount": "0.00", "card_amount": "0.00", "debt_amount": "0.00", "remain_debt": "0.00", "payment_comment": null}}, {"model": "orders.orderitem", "pk": 88, "fields": {"created_at": "2024-03-05T03:35:07.136Z", "updated_at": "2024-03-05T03:35:07.136Z", "order": 64, "product": 34, "needed_amount": "1.00", "delivered_amount": null, "image": "", "comment": "тез", "cash_amount": "0.00", "card_amount": "0.00", "debt_amount": "0.00", "remain_debt": "0.00", "payment_comment": null}}, {"model": "orders.orderitem", "pk": 89, "fields": {"created_at": "2024-03-05T03:38:57.439Z", "updated_at": "2024-03-05T03:38:57.439Z", "order": 65, "product": 87, "needed_amount": "160.00", "delivered_amount": null, "image": "", "comment": "тез", "cash_amount": "0.00", "card_amount": "0.00", "debt_amount": "0.00", "remain_debt": "0.00", "payment_comment": null}}, {"model": "orders.orderitem", "pk": 90, "fields": {"created_at": "2024-03-05T03:38:57.456Z", "updated_at": "2024-03-05T03:38:57.456Z", "order": 65, "product": 86, "needed_amount": "5.00", "delivered_amount": null, "image": "", "comment": "тез", "cash_amount": "0.00", "card_amount": "0.00", "debt_amount": "0.00", "remain_debt": "0.00", "payment_comment": null}}, {"model": "orders.orderitem", "pk": 91, "fields": {"created_at": "2024-03-05T03:39:45.477Z", "updated_at": "2024-03-05T03:39:45.477Z", "order": 66, "product": 6, "needed_amount": "25.00", "delivered_amount": null, "image": "", "comment": "тез", "cash_amount": "0.00", "card_amount": "0.00", "debt_amount": "0.00", "remain_debt": "0.00", "payment_comment": null}}, {"model": "orders.orderitem", "pk": 92, "fields": {"created_at": "2024-03-05T05:23:16.729Z", "updated_at": "2024-03-05T05:23:16.729Z", "order": 67, "product": 58, "needed_amount": "140.00", "delivered_amount": null, "image": "", "comment": null, "cash_amount": "0.00", "card_amount": "0.00", "debt_amount": "0.00", "remain_debt": "0.00", "payment_comment": null}}, {"model": "orders.orderitem", "pk": 93, "fields": {"created_at": "2024-03-05T05:23:16.753Z", "updated_at": "2024-03-05T05:23:16.753Z", "order": 67, "product": 44, "needed_amount": "5.00", "delivered_amount": null, "image": "", "comment": null, "cash_amount": "0.00", "card_amount": "0.00", "debt_amount": "0.00", "remain_debt": "0.00", "payment_comment": null}}, {"model": "orders.orderitem", "pk": 94, "fields": {"created_at": "2024-03-05T05:23:16.778Z", "updated_at": "2024-03-05T05:23:16.778Z", "order": 67, "product": 8, "needed_amount": "15.00", "delivered_amount": null, "image": "", "comment": "10 dona kichik 5 dona katta", "cash_amount": "0.00", "card_amount": "0.00", "debt_amount": "0.00", "remain_debt": "0.00", "payment_comment": null}}, {"model": "orders.orderitem", "pk": 95, "fields": {"created_at": "2024-03-05T08:16:08.475Z", "updated_at": "2024-03-05T08:16:08.475Z", "order": 68, "product": 88, "needed_amount": "50.00", "delivered_amount": null, "image": "", "comment": "тез", "cash_amount": "0.00", "card_amount": "0.00", "debt_amount": "0.00", "remain_debt": "0.00", "payment_comment": null}}, {"model": "orders.orderitem", "pk": 96, "fields": {"created_at": "2024-03-05T15:01:47.352Z", "updated_at": "2024-03-05T15:01:47.352Z", "order": 69, "product": 88, "needed_amount": "20.00", "delivered_amount": null, "image": "", "comment": "hgstrdh", "cash_amount": "0.00", "card_amount": "0.00", "debt_amount": "0.00", "remain_debt": "0.00", "payment_comment": null}}, {"model": "orders.orderitem", "pk": 97, "fields": {"created_at": "2024-03-05T16:08:32.345Z", "updated_at": "2024-03-05T16:08:32.345Z", "order": 70, "product": 6, "needed_amount": "20.00", "delivered_amount": null, "image": "", "comment": "06.03.2024.", "cash_amount": "0.00", "card_amount": "0.00", "debt_amount": "0.00", "remain_debt": "0.00", "payment_comment": null}}, {"model": "orders.orderitem", "pk": 98, "fields": {"created_at": "2024-03-06T03:09:53.044Z", "updated_at": "2024-03-06T03:09:53.044Z", "order": 71, "product": 89, "needed_amount": "100.00", "delivered_amount": null, "image": "", "comment": "tezroq zaxirada 2 dona qoldi holos", "cash_amount": "0.00", "card_amount": "0.00", "debt_amount": "0.00", "remain_debt": "0.00", "payment_comment": null}}, {"model": "orders.orderitem", "pk": 99, "fields": {"created_at": "2024-03-06T04:31:10.161Z", "updated_at": "2024-03-06T04:31:10.161Z", "order": 72, "product": 6, "needed_amount": "25.00", "delivered_amount": null, "image": "", "comment": "тез", "cash_amount": "0.00", "card_amount": "0.00", "debt_amount": "0.00", "remain_debt": "0.00", "payment_comment": null}}, {"model": "orders.orderitem", "pk": 100, "fields": {"created_at": "2024-03-06T06:35:55.363Z", "updated_at": "2024-03-06T06:35:55.363Z", "order": 73, "product": 6, "needed_amount": "25.00", "delivered_amount": null, "image": "", "comment": "tezda", "cash_amount": "0.00", "card_amount": "0.00", "debt_amount": "0.00", "remain_debt": "0.00", "payment_comment": null}}, {"model": "orders.orderitem", "pk": 101, "fields": {"created_at": "2024-03-06T06:37:04.623Z", "updated_at": "2024-03-06T06:37:04.623Z", "order": 74, "product": 86, "needed_amount": "12.00", "delivered_amount": null, "image": "", "comment": "tez", "cash_amount": "0.00", "card_amount": "0.00", "debt_amount": "0.00", "remain_debt": "0.00", "payment_comment": null}}, {"model": "orders.orderitem", "pk": 102, "fields": {"created_at": "2024-03-06T06:37:22.894Z", "updated_at": "2024-03-06T06:37:22.894Z", "order": 75, "product": 88, "needed_amount": "10.00", "delivered_amount": null, "image": "", "comment": "tezda", "cash_amount": "0.00", "card_amount": "0.00", "debt_amount": "0.00", "remain_debt": "0.00", "payment_comment": null}}, {"model": "orders.orderitem", "pk": 103, "fields": {"created_at": "2024-03-06T14:00:27.875Z", "updated_at": "2024-03-06T14:00:27.875Z", "order": 76, "product": 6, "needed_amount": "20.00", "delivered_amount": null, "image": "", "comment": "07 03 2024 kuniga Issiq ovqat uchun", "cash_amount": "0.00", "card_amount": "0.00", "debt_amount": "0.00", "remain_debt": "0.00", "payment_comment": null}}, {"model": "orders.orderitem", "pk": 104, "fields": {"created_at": "2024-03-07T03:24:00.953Z", "updated_at": "2024-03-07T03:24:00.953Z", "order": 77, "product": 6, "needed_amount": "25.00", "delivered_amount": null, "image": "", "comment": "Тез", "cash_amount": "0.00", "card_amount": "0.00", "debt_amount": "0.00", "remain_debt": "0.00", "payment_comment": null}}, {"model": "orders.orderitem", "pk": 105, "fields": {"created_at": "2024-03-07T03:25:20.769Z", "updated_at": "2024-03-07T03:25:20.769Z", "order": 78, "product": 88, "needed_amount": "50.00", "delivered_amount": null, "image": "", "comment": "Тезрок", "cash_amount": "0.00", "card_amount": "0.00", "debt_amount": "0.00", "remain_debt": "0.00", "payment_comment": null}}, {"model": "orders.orderitem", "pk": 106, "fields": {"created_at": "2024-03-09T04:05:28.770Z", "updated_at": "2024-03-09T04:05:28.770Z", "order": 79, "product": 6, "needed_amount": "25.00", "delivered_amount": null, "image": "", "comment": "Тезрок", "cash_amount": "0.00", "card_amount": "0.00", "debt_amount": "0.00", "remain_debt": "0.00", "payment_comment": null}}, {"model": "orders.orderitem", "pk": 107, "fields": {"created_at": "2024-03-09T04:35:07.666Z", "updated_at": "2024-03-09T04:35:07.666Z", "order": 80, "product": 6, "needed_amount": "20.00", "delivered_amount": null, "image": "", "comment": "Tez", "cash_amount": "0.00", "card_amount": "0.00", "debt_amount": "0.00", "remain_debt": "0.00", "payment_comment": null}}, {"model": "orders.orderitem", "pk": 108, "fields": {"created_at": "2024-03-09T06:42:21.764Z", "updated_at": "2024-03-09T06:42:21.765Z", "order": 81, "product": 73, "needed_amount": "50.00", "delivered_amount": null, "image": "", "comment": "11.03.2024", "cash_amount": "0.00", "card_amount": "0.00", "debt_amount": "0.00", "remain_debt": "0.00", "payment_comment": null}}, {"model": "orders.orderitem", "pk": 109, "fields": {"created_at": "2024-03-09T06:44:43.305Z", "updated_at": "2024-03-09T06:44:43.305Z", "order": 82, "product": 50, "needed_amount": "7.00", "delivered_amount": null, "image": "", "comment": "11.03.2024.", "cash_amount": "0.00", "card_amount": "0.00", "debt_amount": "0.00", "remain_debt": "0.00", "payment_comment": null}}, {"model": "orders.orderitem", "pk": 110, "fields": {"created_at": "2024-03-09T06:44:43.334Z", "updated_at": "2024-03-09T06:44:43.334Z", "order": 82, "product": 1, "needed_amount": "30.00", "delivered_amount": null, "image": "", "comment": "11.03.2024.", "cash_amount": "0.00", "card_amount": "0.00", "debt_amount": "0.00", "remain_debt": "0.00", "payment_comment": null}}, {"model": "orders.orderitem", "pk": 111, "fields": {"created_at": "2024-03-09T06:44:43.349Z", "updated_at": "2024-03-09T06:44:43.349Z", "order": 82, "product": 68, "needed_amount": "4.00", "delivered_amount": null, "image": "", "comment": "11.03.2024", "cash_amount": "0.00", "card_amount": "0.00", "debt_amount": "0.00", "remain_debt": "0.00", "payment_comment": null}}, {"model": "orders.orderitem", "pk": 112, "fields": {"created_at": "2024-03-09T06:44:43.381Z", "updated_at": "2024-03-09T06:44:43.381Z", "order": 82, "product": 69, "needed_amount": "2.00", "delivered_amount": null, "image": "", "comment": "11 03.2024", "cash_amount": "0.00", "card_amount": "0.00", "debt_amount": "0.00", "remain_debt": "0.00", "payment_comment": null}}, {"model": "orders.orderitem", "pk": 113, "fields": {"created_at": "2024-03-09T06:44:43.395Z", "updated_at": "2024-03-09T06:44:43.395Z", "order": 82, "product": 85, "needed_amount": "3.00", "delivered_amount": null, "image": "", "comment": "11.03.2024.", "cash_amount": "0.00", "card_amount": "0.00", "debt_amount": "0.00", "remain_debt": "0.00", "payment_comment": null}}, {"model": "orders.orderitem", "pk": 114, "fields": {"created_at": "2024-03-09T06:44:43.410Z", "updated_at": "2024-03-09T06:44:43.410Z", "order": 82, "product": 46, "needed_amount": "2.00", "delivered_amount": null, "image": "", "comment": "11.03 2024", "cash_amount": "0.00", "card_amount": "0.00", "debt_amount": "0.00", "remain_debt": "0.00", "payment_comment": null}}, {"model": "orders.orderitem", "pk": 115, "fields": {"created_at": "2024-03-09T06:44:43.426Z", "updated_at": "2024-03-09T06:44:43.426Z", "order": 82, "product": 70, "needed_amount": "8.00", "delivered_amount": null, "image": "", "comment": "11.03.2024. Kletka", "cash_amount": "0.00", "card_amount": "0.00", "debt_amount": "0.00", "remain_debt": "0.00", "payment_comment": null}}, {"model": "orders.orderitem", "pk": 116, "fields": {"created_at": "2024-03-09T06:44:43.450Z", "updated_at": "2024-03-09T06:44:43.450Z", "order": 82, "product": 4, "needed_amount": "40.00", "delivered_amount": null, "image": "", "comment": "11.03.2024.", "cash_amount": "0.00", "card_amount": "0.00", "debt_amount": "0.00", "remain_debt": "0.00", "payment_comment": null}}, {"model": "orders.orderitem", "pk": 117, "fields": {"created_at": "2024-03-09T06:45:58.286Z", "updated_at": "2024-03-09T06:45:58.287Z", "order": 83, "product": 45, "needed_amount": "20.00", "delivered_amount": null, "image": "", "comment": "11.03.2024", "cash_amount": "0.00", "card_amount": "0.00", "debt_amount": "0.00", "remain_debt": "0.00", "payment_comment": null}}, {"model": "orders.orderitem", "pk": 118, "fields": {"created_at": "2024-03-11T03:05:25.439Z", "updated_at": "2024-03-11T03:05:25.439Z", "order": 84, "product": 90, "needed_amount": "10.00", "delivered_amount": null, "image": "", "comment": "Pochka", "cash_amount": "0.00", "card_amount": "0.00", "debt_amount": "0.00", "remain_debt": "0.00", "payment_comment": null}}, {"model": "orders.orderitem", "pk": 119, "fields": {"created_at": "2024-03-11T05:09:43.823Z", "updated_at": "2024-03-11T05:09:43.824Z", "order": 85, "product": 50, "needed_amount": "7.00", "delivered_amount": null, "image": "", "comment": "Тезрок", "cash_amount": "0.00", "card_amount": "0.00", "debt_amount": "0.00", "remain_debt": "0.00", "payment_comment": null}}, {"model": "orders.orderitem", "pk": 120, "fields": {"created_at": "2024-03-11T05:09:43.845Z", "updated_at": "2024-03-11T05:09:43.845Z", "order": 85, "product": 73, "needed_amount": "25.00", "delivered_amount": null, "image": "", "comment": "тезрок", "cash_amount": "0.00", "card_amount": "0.00", "debt_amount": "0.00", "remain_debt": "0.00", "payment_comment": null}}, {"model": "orders.orderitem", "pk": 121, "fields": {"created_at": "2024-03-11T05:09:43.864Z", "updated_at": "2024-03-11T05:09:43.864Z", "order": 85, "product": 68, "needed_amount": "2.00", "delivered_amount": null, "image": "", "comment": "тезрок", "cash_amount": "0.00", "card_amount": "0.00", "debt_amount": "0.00", "remain_debt": "0.00", "payment_comment": null}}, {"model": "orders.orderitem", "pk": 122, "fields": {"created_at": "2024-03-11T05:09:43.882Z", "updated_at": "2024-03-11T05:09:43.882Z", "order": 85, "product": 1, "needed_amount": "15.00", "delivered_amount": null, "image": "", "comment": "тезрок", "cash_amount": "0.00", "card_amount": "0.00", "debt_amount": "0.00", "remain_debt": "0.00", "payment_comment": null}}, {"model": "orders.orderitem", "pk": 123, "fields": {"created_at": "2024-03-11T05:09:43.907Z", "updated_at": "2024-03-11T05:09:43.907Z", "order": 85, "product": 2, "needed_amount": "8.00", "delivered_amount": null, "image": "", "comment": "тезрок", "cash_amount": "0.00", "card_amount": "0.00", "debt_amount": "0.00", "remain_debt": "0.00", "payment_comment": null}}, {"model": "orders.orderitem", "pk": 124, "fields": {"created_at": "2024-03-11T05:09:43.926Z", "updated_at": "2024-03-11T05:09:43.926Z", "order": 85, "product": 4, "needed_amount": "30.00", "delivered_amount": null, "image": "", "comment": "тезрок", "cash_amount": "0.00", "card_amount": "0.00", "debt_amount": "0.00", "remain_debt": "0.00", "payment_comment": null}}, {"model": "orders.orderitem", "pk": 125, "fields": {"created_at": "2024-03-11T05:09:43.942Z", "updated_at": "2024-03-11T05:09:43.943Z", "order": 85, "product": 70, "needed_amount": "150.00", "delivered_amount": null, "image": "", "comment": "тезрок", "cash_amount": "0.00", "card_amount": "0.00", "debt_amount": "0.00", "remain_debt": "0.00", "payment_comment": null}}, {"model": "orders.orderitem", "pk": 126, "fields": {"created_at": "2024-03-11T05:09:43.968Z", "updated_at": "2024-03-11T05:09:43.968Z", "order": 85, "product": 85, "needed_amount": "1.00", "delivered_amount": null, "image": "", "comment": "тезрок", "cash_amount": "0.00", "card_amount": "0.00", "debt_amount": "0.00", "remain_debt": "0.00", "payment_comment": null}}, {"model": "orders.orderitem", "pk": 127, "fields": {"created_at": "2024-03-11T05:09:43.997Z", "updated_at": "2024-03-11T05:09:43.997Z", "order": 85, "product": 69, "needed_amount": "1.00", "delivered_amount": null, "image": "", "comment": "тезрок", "cash_amount": "0.00", "card_amount": "0.00", "debt_amount": "0.00", "remain_debt": "0.00", "payment_comment": null}}, {"model": "orders.orderitem", "pk": 128, "fields": {"created_at": "2024-03-11T05:09:44.020Z", "updated_at": "2024-03-11T05:09:44.020Z", "order": 85, "product": 46, "needed_amount": "5.00", "delivered_amount": null, "image": "", "comment": "тезрок", "cash_amount": "0.00", "card_amount": "0.00", "debt_amount": "0.00", "remain_debt": "0.00", "payment_comment": null}}, {"model": "stores.warehouse", "pk": 3, "fields": {"created_at": "2024-02-27T05:13:13.160Z", "updated_at": "2024-02-27T05:13:13.161Z", "name": "YIGIRUV", "stockman": 7, "is_active": true}}, {"model": "stores.warehouse", "pk": 4, "fields": {"created_at": "2024-02-27T08:45:29.479Z", "updated_at": "2024-02-27T08:45:29.479Z", "name": "TO'QUV", "stockman": 17, "is_active": true}}, {"model": "stores.warehouse", "pk": 5, "fields": {"created_at": "2024-02-27T09:14:48.204Z", "updated_at": "2024-02-27T09:14:48.204Z", "name": "TIKUV", "stockman": 18, "is_active": true}}, {"model": "stores.warehouse", "pk": 6, "fields": {"created_at": "2024-02-27T09:19:25.003Z", "updated_at": "2024-02-27T09:21:58.033Z", "name": "HALQALI IP YIGIRUV", "stockman": 19, "is_active": true}}, {"model": "stores.warehouse", "pk": 7, "fields": {"created_at": "2024-02-28T09:36:23.882Z", "updated_at": "2024-02-28T09:36:23.882Z", "name": "POLOSON PTM", "stockman": 8, "is_active": true}}, {"model": "stores.warehouse", "pk": 8, "fields": {"created_at": "2024-02-28T09:56:46.236Z", "updated_at": "2024-02-28T09:59:14.578Z", "name": "ESKIARAB PTM", "stockman": 21, "is_active": true}}, {"model": "stores.warehouse", "pk": 9, "fields": {"created_at": "2024-03-01T11:19:30.164Z", "updated_at": "2024-03-01T11:22:32.889Z", "name": "QIZILTEPA PTM . ZAVOD", "stockman": 23, "is_active": true}}, {"model": "stores.productunit", "pk": 1, "fields": {"created_at": "2024-02-22T18:38:58.360Z", "updated_at": "2024-02-22T20:04:26.662Z", "name": "kilogramm", "short_name": "kg"}}, {"model": "stores.productunit", "pk": 2, "fields": {"created_at": "2024-02-22T20:28:10.445Z", "updated_at": "2024-02-22T20:28:10.445Z", "name": "litr", "short_name": "l"}}, {"model": "stores.productunit", "pk": 3, "fields": {"created_at": "2024-02-26T10:34:42.218Z", "updated_at": "2024-02-26T10:34:42.218Z", "name": "dona", "short_name": "dona"}}, {"model": "stores.productunit", "pk": 4, "fields": {"created_at": "2024-03-01T10:18:45.962Z", "updated_at": "2024-03-01T10:18:45.962Z", "name": "metr", "short_name": "metr"}}, {"model": "stores.product", "pk": 1, "fields": {"created_at": "2024-02-22T18:42:06.947Z", "updated_at": "2024-02-27T05:11:47.967Z", "name": "Kartoshka", "unit": 1, "type": "primary", "is_active": true, "created_by": null}}, {"model": "stores.product", "pk": 2, "fields": {"created_at": "2024-02-22T18:48:54.938Z", "updated_at": "2024-02-22T18:48:54.938Z", "name": "Piyoz", "unit": 1, "type": "primary", "is_active": true, "created_by": null}}, {"model": "stores.product", "pk": 3, "fields": {"created_at": "2024-02-22T20:29:08.967Z", "updated_at": "2024-02-22T20:29:08.967Z", "name": "Sut", "unit": 2, "type": "primary", "is_active": true, "created_by": null}}, {"model": "stores.product", "pk": 4, "fields": {"created_at": "2024-02-26T10:32:22.814Z", "updated_at": "2024-02-26T10:32:22.814Z", "name": "Sabzi", "unit": 1, "type": "primary", "is_active": true, "created_by": null}}, {"model": "stores.product", "pk": 5, "fields": {"created_at": "2024-02-26T10:35:14.187Z", "updated_at": "2024-02-26T10:35:14.187Z", "name": "Suv", "unit": 2, "type": "primary", "is_active": true, "created_by": null}}, {"model": "stores.product", "pk": 6, "fields": {"created_at": "2024-02-26T17:50:03.438Z", "updated_at": "2024-02-26T17:50:03.438Z", "name": "Non", "unit": 3, "type": "primary", "is_active": true, "created_by": null}}, {"model": "stores.product", "pk": 7, "fields": {"created_at": "2024-02-27T02:59:45.929Z", "updated_at": "2024-02-27T02:59:45.929Z", "name": "Lampochka", "unit": 3, "type": "secondary", "is_active": true, "created_by": null}}, {"model": "stores.product", "pk": 8, "fields": {"created_at": "2024-02-27T04:03:01.097Z", "updated_at": "2024-02-27T04:03:01.097Z", "name": "supurgi", "unit": 3, "type": "primary", "is_active": true, "created_by": null}}, {"model": "stores.product", "pk": 9, "fields": {"created_at": "2024-02-27T04:03:22.153Z", "updated_at": "2024-02-27T04:03:22.153Z", "name": "perchatka", "unit": 3, "type": "secondary", "is_active": true, "created_by": null}}, {"model": "stores.product", "pk": 11, "fields": {"created_at": "2024-02-27T04:03:53.145Z", "updated_at": "2024-03-01T10:19:29.392Z", "name": "sim", "unit": 4, "type": "secondary", "is_active": true, "created_by": null}}, {"model": "stores.product", "pk": 12, "fields": {"created_at": "2024-02-27T04:05:32.800Z", "updated_at": "2024-02-27T04:05:32.800Z", "name": "perchatka", "unit": 3, "type": "primary", "is_active": true, "created_by": null}}, {"model": "stores.product", "pk": 13, "fields": {"created_at": "2024-02-27T04:05:48.338Z", "updated_at": "2024-02-27T04:05:48.338Z", "name": "mix", "unit": 3, "type": "primary", "is_active": true, "created_by": null}}, {"model": "stores.product", "pk": 15, "fields": {"created_at": "2024-02-27T04:08:50.579Z", "updated_at": "2024-02-27T04:08:50.579Z", "name": "perchatka", "unit": 3, "type": "primary", "is_active": true, "created_by": null}}, {"model": "stores.product", "pk": 19, "fields": {"created_at": "2024-02-27T05:02:04.346Z", "updated_at": "2024-02-27T05:02:04.346Z", "name": "stanok pochibnik", "unit": 3, "type": "primary", "is_active": true, "created_by": null}}, {"model": "stores.product", "pk": 21, "fields": {"created_at": "2024-02-27T05:05:12.830Z", "updated_at": "2024-02-27T05:05:12.830Z", "name": "pochibnik", "unit": 3, "type": "primary", "is_active": true, "created_by": null}}, {"model": "stores.product", "pk": 22, "fields": {"created_at": "2024-02-27T05:10:18.130Z", "updated_at": "2024-02-27T05:10:18.130Z", "name": "STANOK POCHIBNIK", "unit": 3, "type": "primary", "is_active": true, "created_by": null}}, {"model": "stores.product", "pk": 25, "fields": {"created_at": "2024-02-27T06:40:42.523Z", "updated_at": "2024-03-01T10:19:20.608Z", "name": "kartoshka", "unit": 1, "type": "primary", "is_active": true, "created_by": null}}, {"model": "stores.product", "pk": 27, "fields": {"created_at": "2024-02-27T06:41:07.783Z", "updated_at": "2024-03-01T10:19:12.373Z", "name": "piyoz", "unit": 1, "type": "primary", "is_active": true, "created_by": null}}, {"model": "stores.product", "pk": 31, "fields": {"created_at": "2024-02-27T06:42:08.676Z", "updated_at": "2024-03-01T10:19:03.689Z", "name": "guruch", "unit": 1, "type": "primary", "is_active": true, "created_by": null}}, {"model": "stores.product", "pk": 32, "fields": {"created_at": "2024-02-27T06:42:20.383Z", "updated_at": "2024-02-27T06:42:20.383Z", "name": "remen", "unit": 3, "type": "primary", "is_active": true, "created_by": null}}, {"model": "stores.product", "pk": 33, "fields": {"created_at": "2024-02-27T06:42:33.834Z", "updated_at": "2024-02-27T06:42:33.834Z", "name": "tuxum", "unit": 3, "type": "primary", "is_active": true, "created_by": null}}, {"model": "stores.product", "pk": 34, "fields": {"created_at": "2024-02-27T06:46:30.823Z", "updated_at": "2024-03-02T12:07:20.172Z", "name": "Zira", "unit": 1, "type": "primary", "is_active": true, "created_by": 1}}, {"model": "stores.product", "pk": 35, "fields": {"created_at": "2024-02-27T06:46:42.504Z", "updated_at": "2024-03-02T12:07:10.625Z", "name": "Ziravor", "unit": 1, "type": "primary", "is_active": true, "created_by": 1}}, {"model": "stores.product", "pk": 36, "fields": {"created_at": "2024-02-27T06:47:09.778Z", "updated_at": "2024-02-27T06:47:09.778Z", "name": "tuxum", "unit": 3, "type": "primary", "is_active": true, "created_by": null}}, {"model": "stores.product", "pk": 37, "fields": {"created_at": "2024-02-27T06:57:42.546Z", "updated_at": "2024-02-27T06:57:42.546Z", "name": "Yog'", "unit": 2, "type": "primary", "is_active": true, "created_by": null}}, {"model": "stores.product", "pk": 38, "fields": {"created_at": "2024-02-27T08:42:43.448Z", "updated_at": "2024-03-01T10:18:49.989Z", "name": "Salafan37", "unit": 4, "type": "primary", "is_active": true, "created_by": null}}, {"model": "stores.product", "pk": 39, "fields": {"created_at": "2024-02-27T09:23:30.934Z", "updated_at": "2024-02-27T09:23:30.934Z", "name": "Klyuch", "unit": 3, "type": "secondary", "is_active": true, "created_by": null}}, {"model": "stores.product", "pk": 44, "fields": {"created_at": "2024-02-28T04:25:57.569Z", "updated_at": "2024-02-28T04:25:57.569Z", "name": "spirt", "unit": 2, "type": "primary", "is_active": true, "created_by": null}}, {"model": "stores.product", "pk": 45, "fields": {"created_at": "2024-02-28T09:34:30.390Z", "updated_at": "2024-02-28T09:34:30.390Z", "name": "Non", "unit": 3, "type": "primary", "is_active": true, "created_by": null}}, {"model": "stores.product", "pk": 46, "fields": {"created_at": "2024-02-28T10:00:41.505Z", "updated_at": "2024-02-28T10:00:41.505Z", "name": "Tuz", "unit": 3, "type": "primary", "is_active": true, "created_by": null}}, {"model": "stores.product", "pk": 47, "fields": {"created_at": "2024-02-28T10:06:46.605Z", "updated_at": "2024-02-28T10:06:46.605Z", "name": "gaz balon", "unit": 3, "type": "primary", "is_active": true, "created_by": null}}, {"model": "stores.product", "pk": 50, "fields": {"created_at": "2024-03-01T10:16:56.574Z", "updated_at": "2024-03-01T10:18:30.089Z", "name": "Go'sht", "unit": 1, "type": "primary", "is_active": true, "created_by": null}}, {"model": "stores.product", "pk": 53, "fields": {"created_at": "2024-03-01T10:39:34.680Z", "updated_at": "2024-03-01T10:39:34.680Z", "name": "Резинка перчатка", "unit": 3, "type": "secondary", "is_active": true, "created_by": null}}, {"model": "stores.product", "pk": 54, "fields": {"created_at": "2024-03-01T10:40:18.246Z", "updated_at": "2024-03-01T10:40:18.246Z", "name": "Qog'oz qop", "unit": 3, "type": "primary", "is_active": true, "created_by": 21}}, {"model": "stores.product", "pk": 56, "fields": {"created_at": "2024-03-01T11:28:02.570Z", "updated_at": "2024-03-01T11:28:02.570Z", "name": "Gayka", "unit": 3, "type": "primary", "is_active": true, "created_by": 7}}, {"model": "stores.product", "pk": 57, "fields": {"created_at": "2024-03-01T11:30:59.971Z", "updated_at": "2024-03-01T11:30:59.971Z", "name": "Sprey", "unit": 3, "type": "secondary", "is_active": true, "created_by": 7}}, {"model": "stores.product", "pk": 58, "fields": {"created_at": "2024-03-01T11:56:44.383Z", "updated_at": "2024-03-01T11:56:44.383Z", "name": "Kampressor yog shel s3r 46", "unit": 2, "type": "primary", "is_active": true, "created_by": 17}}, {"model": "stores.product", "pk": 59, "fields": {"created_at": "2024-03-01T11:58:19.134Z", "updated_at": "2024-03-01T11:58:19.134Z", "name": "Supurgi", "unit": 3, "type": "secondary", "is_active": true, "created_by": 17}}, {"model": "stores.product", "pk": 60, "fields": {"created_at": "2024-03-01T11:58:30.805Z", "updated_at": "2024-03-01T11:58:30.805Z", "name": "Bumaga", "unit": 3, "type": "secondary", "is_active": true, "created_by": 17}}, {"model": "stores.product", "pk": 61, "fields": {"created_at": "2024-03-01T12:01:04.301Z", "updated_at": "2024-03-01T12:01:04.301Z", "name": "Shotka", "unit": 3, "type": "secondary", "is_active": true, "created_by": 17}}, {"model": "stores.product", "pk": 63, "fields": {"created_at": "2024-03-02T03:56:13.198Z", "updated_at": "2024-03-02T03:56:13.198Z", "name": "Pres ip", "unit": 3, "type": "secondary", "is_active": true, "created_by": 7}}, {"model": "stores.product", "pk": 64, "fields": {"created_at": "2024-03-02T07:02:36.469Z", "updated_at": "2024-03-02T09:57:08.535Z", "name": "Garoh", "unit": 1, "type": "primary", "is_active": true, "created_by": 8}}, {"model": "stores.product", "pk": 66, "fields": {"created_at": "2024-03-02T07:03:01.236Z", "updated_at": "2024-03-02T07:03:01.236Z", "name": "Gugurt", "unit": 3, "type": "primary", "is_active": true, "created_by": 8}}, {"model": "stores.product", "pk": 68, "fields": {"created_at": "2024-03-02T07:03:25.086Z", "updated_at": "2024-03-02T07:03:25.086Z", "name": "Paxta yog'i", "unit": 3, "type": "primary", "is_active": true, "created_by": 8}}, {"model": "stores.product", "pk": 69, "fields": {"created_at": "2024-03-02T07:07:54.267Z", "updated_at": "2024-03-02T07:07:54.267Z", "name": "Gel", "unit": 3, "type": "primary", "is_active": true, "created_by": 8}}, {"model": "stores.product", "pk": 70, "fields": {"created_at": "2024-03-02T07:08:39.526Z", "updated_at": "2024-03-02T07:08:39.526Z", "name": "Tuxum", "unit": 3, "type": "primary", "is_active": true, "created_by": 8}}, {"model": "stores.product", "pk": 71, "fields": {"created_at": "2024-03-02T07:08:54.127Z", "updated_at": "2024-03-02T07:08:54.127Z", "name": "Tuz", "unit": 1, "type": "primary", "is_active": true, "created_by": 8}}, {"model": "stores.product", "pk": 72, "fields": {"created_at": "2024-03-02T07:09:07.786Z", "updated_at": "2024-03-02T12:06:32.241Z", "name": "Oq qand", "unit": 1, "type": "primary", "is_active": true, "created_by": 8}}, {"model": "stores.product", "pk": 73, "fields": {"created_at": "2024-03-02T07:09:19.786Z", "updated_at": "2024-03-02T12:06:23.300Z", "name": "Guruch", "unit": 1, "type": "primary", "is_active": true, "created_by": 8}}, {"model": "stores.product", "pk": 74, "fields": {"created_at": "2024-03-02T07:15:53.349Z", "updated_at": "2024-03-02T12:06:14.055Z", "name": "Garox", "unit": 1, "type": "primary", "is_active": true, "created_by": 8}}, {"model": "stores.product", "pk": 76, "fields": {"created_at": "2024-03-02T07:47:27.939Z", "updated_at": "2024-03-02T12:05:33.312Z", "name": "Piyoz", "unit": 1, "type": "primary", "is_active": true, "created_by": 8}}, {"model": "stores.product", "pk": 78, "fields": {"created_at": "2024-03-02T08:04:04.811Z", "updated_at": "2024-03-02T12:05:45.101Z", "name": "Noxot", "unit": 1, "type": "secondary", "is_active": true, "created_by": 8}}, {"model": "stores.product", "pk": 79, "fields": {"created_at": "2024-03-02T08:06:52.484Z", "updated_at": "2024-03-02T12:05:16.564Z", "name": "Choy", "unit": 1, "type": "secondary", "is_active": true, "created_by": 8}}, {"model": "stores.product", "pk": 81, "fields": {"created_at": "2024-03-02T09:16:13.043Z", "updated_at": "2024-03-02T12:15:06.311Z", "name": "Paxta yog'", "unit": 3, "type": "secondary", "is_active": true, "created_by": 7}}, {"model": "stores.product", "pk": 83, "fields": {"created_at": "2024-03-02T10:19:03.950Z", "updated_at": "2024-03-02T12:06:59.264Z", "name": "Akarachka", "unit": 1, "type": "secondary", "is_active": true, "created_by": 7}}, {"model": "stores.product", "pk": 84, "fields": {"created_at": "2024-03-04T10:37:24.802Z", "updated_at": "2024-03-04T10:37:24.802Z", "name": "Электрод", "unit": 3, "type": "primary", "is_active": true, "created_by": 21}}, {"model": "stores.product", "pk": 85, "fields": {"created_at": "2024-03-05T03:28:45.448Z", "updated_at": "2024-03-05T03:28:45.448Z", "name": "Kok choy", "unit": 1, "type": "primary", "is_active": true, "created_by": 21}}, {"model": "stores.product", "pk": 86, "fields": {"created_at": "2024-03-05T03:36:26.480Z", "updated_at": "2024-03-05T03:36:26.480Z", "name": "Balgalka  tosh", "unit": 3, "type": "primary", "is_active": true, "created_by": 21}}, {"model": "stores.product", "pk": 87, "fields": {"created_at": "2024-03-05T03:37:24.685Z", "updated_at": "2024-03-05T03:37:24.685Z", "name": "Elektrod", "unit": 3, "type": "primary", "is_active": true, "created_by": 21}}, {"model": "stores.product", "pk": 88, "fields": {"created_at": "2024-03-05T08:12:48.962Z", "updated_at": "2024-03-05T08:12:48.962Z", "name": "Benzin ai-80", "unit": 2, "type": "primary", "is_active": true, "created_by": 21}}, {"model": "stores.product", "pk": 89, "fields": {"created_at": "2024-03-06T03:09:18.720Z", "updated_at": "2024-03-06T03:09:18.720Z", "name": "Paddon", "unit": 3, "type": "secondary", "is_active": true, "created_by": 17}}, {"model": "stores.product", "pk": 90, "fields": {"created_at": "2024-03-11T03:04:51.318Z", "updated_at": "2024-03-11T03:04:51.319Z", "name": "Salfetka", "unit": 3, "type": "secondary", "is_active": true, "created_by": 8}}]
